92019,Sciacca,AGRIGENTO,3
92100,Agrigento,AGRIGENTO,
92100,Agrigento,AGRIGENTO,
15011,Acqui Terme,ALESSANDRIA,28
15020,Odalengo Grande,ALESSANDRIA,
15020,Casalino di Mombello Monferrato,ALESSANDRIA,
15022,Alessandria,ALESSANDRIA,
15033,Casale Monferrato,ALESSANDRIA,
15033,Casale Monferrato,ALESSANDRIA,
15033,Casale Monferrato,ALESSANDRIA,
15034,Cella Monte,ALESSANDRIA,
15039,Ozzano Monferrato,ALESSANDRIA,
15040,Piovera,ALESSANDRIA,
15048,Valenza,ALESSANDRIA,
15057,Tortona,ALESSANDRIA,
15057,Tortona,ALESSANDRIA,
15060,Sardigliano,ALESSANDRIA,
15061,Arquata Scrivia,ALESSANDRIA,
15066,Gavi,ALESSANDRIA,
15067,Novi Ligure,ALESSANDRIA,
15067,Novi Ligure,ALESSANDRIA,
15067,Novi Ligure,ALESSANDRIA,
15076,Ovada,ALESSANDRIA,
15076,Ovada,ALESSANDRIA,
15100,Alessandria,ALESSANDRIA,
15100,Alessandria,ALESSANDRIA,
15100,Alessandria,ALESSANDRIA,
15121,Alessandria,ALESSANDRIA,
15121,Alessandria,ALESSANDRIA,
15046,San Salvatore Monferrato,ALESSANDRIA,
15062,BOSCO MARENGO,ALESSANDRIA,
06035,Jesi,ANCONA,
60012,Cesano di Senigallia,ANCONA,
60019,Senigallia,ANCONA,
60019,Senigallia,ANCONA,
60019,Senigallia,ANCONA,
60022,Castelfidardo,ANCONA,
60027,Loreto,ANCONA,
60027,Osimo,ANCONA,
60027,Osimo,ANCONA,
60033,Chiaravalle,ANCONA,
60033,Chiaravalle,ANCONA,
60035,Jesi,ANCONA,
60035,Jesi,ANCONA,
60035,Jesi,ANCONA,
60035,Jesi,ANCONA,
60044,Fabriano,ANCONA,
60123,Ancona,ANCONA,
60124,Ancona,ANCONA,
60126,Ancona,ANCONA,
60131,Ancona,ANCONA,
60131,Ancona,ANCONA,
60131,Ancona,ANCONA,
60131,Ancona,ANCONA,
11010,Introd,AOSTA,
11010,Sarre,AOSTA,
11020,Saint-ChrisTophe,AOSTA,
11020,Saint-ChrisTophe,AOSTA,
11020,Charvensod,AOSTA,
11027,Sain-Vincent,AOSTA,
11027,Saint Vincent,AOSTA,
11100,Aosta,AOSTA,
11100,Aosta,AOSTA,
11100,Aosta,AOSTA,
11100,Aosta,AOSTA,
11020,Quart,AOSTA,
11100,Aosta,AOSTA,
52020,Laterina,AREZZO,
52021,Badia a Agnano - Bucine,AREZZO,
52025,Montevarchi,AREZZO,
52025,Montevarchi,AREZZO,
52025,Montevarchi,AREZZO,
52025,Montevarchi,AREZZO,
52027,San Giovanni Valdarno,AREZZO,
52028,Terranuova Bracciolini,AREZZO,
52028,Terranuova Bracciolini,AREZZO,
52036,Pieve S. Stefano,AREZZO,
52042,CorTORINOna,AREZZO,
52047,Marciano della Chiana,AREZZO,
52100,Arezzo,AREZZO,
52100,Arezzo,AREZZO,
52100,Arezzo,AREZZO,
52100,AREZZO,AREZZO,
52010,Capolona,AREZZO,
52014,Ponte a Poppi,AREZZO,
52021,Bucine,AREZZO,
52022,MeleTORINO - Cavriglia,AREZZO,
52025,Montevarchi,AREZZO,
52028,Terranuiva Bracciolini-Loc. Valvigna,AREZZO,
52029,Castiglion Fibocchi,AREZZO,
52029,Castiglion Fibocchi,AREZZO,
52037,Sansepolcro,AREZZO,
52037,Sansepolcro,AREZZO,
52037,Sansepolcro,AREZZO,
52037,San Sepolcro,AREZZO,
52037,Sansepolcro,AREZZO,
52040,Rigutino,AREZZO,
52041,Pieve al Toppo,AREZZO,
52046,Lucignano,AREZZO,
52047,Marciano della Chiana,AREZZO,
52100,Arezzo,AREZZO,
52100,AREZZO,AREZZO,
52100,AREZZO,AREZZO,
52100,AREZZO,AREZZO,
52100,aREZZO,AREZZO,
52100,Aresso,AREZZO,
52100,Arezzo,AREZZO,
63013,Grottammare,ASCOLI PICENO,
63017,Porto San Giorgio,ASCOLI PICENO,
63066,Grottammare,ASCOLI PICENO,
63037,SAN BENEDETTO DEL TRONTO,ASCOLI PICENO,
63039,SAN BENEDETTO DEL TRONTO,ASCOLI PICENO,
63039,SAN BENEDETTO DEL TRONTO,ASCOLI PICENO,
63039,SAN BENEDETTO DEL TRONTO,ASCOLI PICENO,
63039,SAN BENEDETTO DEL TRONTO,ASCOLI PICENO,
15011,ACQUI TERME,ASTI,
12100,Cuneo,ASTI,
14010,Cortazzone,ASTI,
14014,San DaMILANOano d'Asti,ASTI,
14015,San DaMILANOano D'Asti,ASTI,
14019,Villanova d'Asti,ASTI,
14023,CocconaTORINO,ASTI,
14053,Canelli,ASTI,
14053,Canelli,ASTI,
14100,Asti,ASTI,
14100,Asti,ASTI,
14100,Asti,ASTI,
83013,Mercogliano,AVELLINO,
83025,MonTORINOro Inferiore,AVELLINO,
83029,Solofra,AVELLINO,
83030,Pietradefusi,AVELLINO,
83030,Manocalzati,AVELLINO,
83031,Ariano Irpino,AVELLINO,
83031,Ariano Irpino,AVELLINO,
83031,Ariano Irpino,AVELLINO,
83031,Ariano Irpino,AVELLINO,
83032,BoniTORINO,AVELLINO,
83035,Grottaminarda,AVELLINO,
83040,Frigento,AVELLINO,
83040,Frigento,AVELLINO,
83050,Volturara Irpina,AVELLINO,
83100,Avellino,AVELLINO,
83100,Avellino,AVELLINO,
83100,Avellino,AVELLINO,
83100,Avellino,AVELLINO,
83100,Avellino,AVELLINO,
83100,Avellino,AVELLINO,
83100,Avellino,AVELLINO,
83100,Avellino,AVELLINO,
83042,Atripalda,AVELLINO,
83050,Sorbo Serpico,AVELLINO,
83100,Avellino,AVELLINO,
70010,TURI,BARI,
70010,Locorotondo,BARI,
70010,Sammichele di Bari,BARI,
70010,CASAMASSIMA,BARI,
70014,CONVERSANO,BARI,
70017,PUTIGNANO,BARI,
70017,PUTIGNANO,BARI,
70017,PUTIGNANO,BARI,
70022,ALTAMURA,BARI,
70022,ALTAMURA,BARI,
70022,ALTAMURA,BARI,
70029,SANTERAMO,BARI,
70032,BITONTO,BARI,
70032,BITONTO,BARI,
70042,Mola di Bari,BARI,
70043,MONOPOLI,BARI,
70043,MONOPOLI,BARI,
70043,MONOPOLI,BARI,
70043,MONOPOLI,BARI,
70056,MOLFETTA,BARI,
70056,MOLFETTA,BARI,
70100,BARI,BARI,
70100,BARI,BARI,
70121,Bari,BARI,
70121,Bari,BARI,
70121,Bari,BARI,
70122,Bari,BARI,
70124,BARI,BARI,
70124,BARI,BARI,
70124,BARI,BARI,
70124,BARI,BARI,
70124,BARI,BARI,
70125,Bari,BARI,
70126,BARI,BARI,
70126,BARI,BARI,
70126,Bari,BARI,
70126,BARI,BARI,
70127,BARI - SANTORINO SPIRITORINO,BARI,
70129,BARI,BARI,
70020,Cassano delle Murge,BARI,
70015,NOCI,BARI,
70020,Cassano MurGE,BARI,
70029,Santeramo,BARI,
70032,BITORINONTORINO,BARI,
70121,Bari,BARI,
70121,Bari,BARI,
70121,Bari,BARI,
70122,Bari,BARI,
70122,BARI,BARI,
70123,Bari,BARI,
70124,BARI,BARI,
70124,Bari,BARI,
70124,Bari,BARI,
70124,BARI,BARI,
70124,Bari,BARI,
70126,BARI,BARI,
70031,Andria,BARLETTA,
70031,ANDRIA,BARLETTA,
70051,BARLETTA,BARLETTA,
70051,Barletta,BARLETTA,
70051,BARLETTA,BARLETTA,
70052,BISCEGLIE,BARLETTA,
76123,ANDRIA,BARLETTA,
76123,ANDRIA,BARLETTA,
70031,ANDRIA,BARLETTA,
70059,TRANI,BARLETTA,
76121,Barletta,BARLETTA,
76123,ANDRIA,BARLETTA,
76123,ANDRIA,BARLETTA,
32100,Belluno,BELLUNO,
32100,Belluno,BELLUNO,
32013,Longarone,BELLUNO,
32013,Longarone,BELLUNO,
32021,Agordo,BELLUNO,
82011,Paolisi,BENEVENTO,
82017,Pannarano,BENEVENTO,
82030,Massa di Faicchio,BENEVENTO,
82030,San SalvaTORINOre Telesino,BENEVENTO,
82036,Solopaca,BENEVENTO,
82100,BenevenTORINO,BENEVENTO,
82100,BenevenTORINO,BENEVENTO,
82100,BenevenTORINO,BENEVENTO,
82100,BenevenTORINO,BENEVENTO,
82100,BenevenTORINO,BENEVENTO,
82100,BenevenTORINO,BENEVENTO,
82100,BenevenTORINO,BENEVENTO,
82100,BenevenTORINO,BENEVENTO,
82019,Sant' Agata de' Goti,BENEVENTO,
82100,Benevento,BENEVENTO,
82100,Benevento,BENEVENTO,
82100,Benevento,BENEVENTO,
82016,Montesarchio,BENEVENTO,
24027,Nembro,BERGAMO,
24030,Villa D'Adda,BERGAMO,
24030,Villa d'Adda,BERGAMO,
24030,Caprino Bergamasco,BERGAMO,
24030,Villa d'Adda,BERGAMO,
24040,Lallio,BERGAMO,
24040,Canonica d'Adda,BERGAMO,
24047,Treviglio,BERGAMO,
24052,Azzano San Paolo,BERGAMO,
24060,TORINOrre De' Roveri,BERGAMO,
24060,Telgate,BERGAMO,
24068,Seriate,BERGAMO,
24069,Trescore Balneario,BERGAMO,
24100,Bergamo,BERGAMO,
24100,Bergamo,BERGAMO,
24100,Bergamo,BERGAMO,
24120,TORINOrre Boldone,BERGAMO,
24121,Bergamo,BERGAMO,
24121,Bergamo,BERGAMO,
24121,Bergamo,BERGAMO,
24121,Bergamo,BERGAMO,
24121,Bergamo,BERGAMO,
24121,Bergamo,BERGAMO,
24121,Bergamo,BERGAMO,
24122,Bergamo,BERGAMO,
24122,Bergamo,BERGAMO,
24122,Bergamo,BERGAMO,
24122,Bergamo,BERGAMO,
24122,Bergamo,BERGAMO,
24122,Bergamo,BERGAMO,
24122,Bergamo,BERGAMO,
24124,Bergamo,BERGAMO,
24124,Bergamo,BERGAMO,
24125,Bergamo,BERGAMO,
24126,Bergamo,BERGAMO,
24126,Bergamo,BERGAMO,
24126,Bergamo,BERGAMO,
24126,Bergamo,BERGAMO,
24128,Bergamo,BERGAMO,
24128,Bergamo,BERGAMO,
24021,Albino,BERGAMO,
24040,Mornico Al Serio,BERGAMO,
24040,Bonate SotTORINO,BERGAMO,
24046,Osio sotTORINO,BERGAMO,
24068,Seriate,BERGAMO,
24121,Bergamo,BERGAMO,
13817,Sordevolo,BIELLA,
13836,CossaTORINO,BIELLA,
13851,Bioglio,BIELLA,
13856,Vigliano Biellese,BIELLA,
13856,Vigliano,BIELLA,
13888,Mongrando,BIELLA,
13900,Biella,BIELLA,
13900,Biella,BIELLA,
13900,Biella,BIELLA,
13900,Biella,BIELLA,
13900,Biella,BIELLA,
13900,Biella,BIELLA,
13900,Biella,BIELLA,
13900,Biella,BIELLA,
13900,Biella,BIELLA,
13900,Biella,BIELLA,
13900,Biella,BIELLA,
13853,Lessona,BIELLA,
13878,Candelo,BIELLA,
13900,BIELLA,BIELLA,
13900,BIELLA,BIELLA,
40024,Castel S.Pietro,BOLOGNA,
40026,Imola,BOLOGNA,
40026,IMOLA,BOLOGNA,
40037,Sasso Marconi,BOLOGNA,
40043,Lama di Setta-MarzabotTORINO,BOLOGNA,
40054,Budrio-Loc.Prunaro,BOLOGNA,
40064,Ozzano dell'Emilia,BOLOGNA,
40065,Pianoro,BOLOGNA,
40065,Pianoro,BOLOGNA,
40065,Pianoro,BOLOGNA,
40121,Bologna,BOLOGNA,
40121,Bologna,BOLOGNA,
40121,Bologna,BOLOGNA,
40122,bologna,BOLOGNA,
40123,Bologna,BOLOGNA,
40124,Bologna,BOLOGNA,
40124,Bologna,BOLOGNA,
40124,Bologna,BOLOGNA,
40124,Bologna,BOLOGNA,
40124,Bologna,BOLOGNA,
40126,Bologna,BOLOGNA,
40126,Bologna,BOLOGNA,
40126,BOLOGNA,BOLOGNA,
40127,Bologna,BOLOGNA,
40128,Bologna,BOLOGNA,
40128,Bologna,BOLOGNA,
40128,Bologna,BOLOGNA,
40128,Bologna,BOLOGNA,
40131,Bologna,BOLOGNA,
40133,Bologna,BOLOGNA,
40133,Bologna,BOLOGNA,
40134,Bologna,BOLOGNA,
40134,Bologna,BOLOGNA,
40134,Bologna,BOLOGNA,
40136,bologna,BOLOGNA,
40137,Bologna,BOLOGNA,
40138,Bologna,BOLOGNA,
40138,Bologna,BOLOGNA,
40138,Bologna,BOLOGNA,
40139,Bologna,BOLOGNA,
40041,Silla di Gaggio Montano,BOLOGNA,
40068,San Lazzaro di Savena,BOLOGNA,
40133,Bologna,BOLOGNA,
39011,Lana,BOLZANO,
39011,Lana,BOLZANO,
39012,Merano,BOLZANO,
39012,Merano,BOLZANO,
39012,Merano,BOLZANO,
39031,Brunico,BOLZANO,
39031,Brunico,BOLZANO,
39034,Dobbiaco,BOLZANO,
39035,Welsberg-Taisten Monguelfo Tesidio,BOLZANO,
39042,Bressanone,BOLZANO,
39042,Brixen,BOLZANO,
39043,Chiusa,BOLZANO,
39052,Caldaro sulla strada del vino,BOLZANO,
39057,FrangarTORINO,BOLZANO,
39100,Bolzano,BOLZANO,
39100,Bolzano,BOLZANO,
39100,Bolzano,BOLZANO,
39100,Bolzano,BOLZANO,
39100,Bolzano,BOLZANO,
39100,Bolzano,BOLZANO,
39100,Bolzano,BOLZANO,
39100,Bolzano,BOLZANO,
39100,Bolzano,BOLZANO,
39100,Bolzano,BOLZANO,
38033,San Lugano - Trodena,BOLZANO,
39011,Lana,BOLZANO,
39011,Lana,BOLZANO,
39011,Lana,BOLZANO,
39012,Merano,BOLZANO,
39012,Merano,BOLZANO,
39012,Merano,BOLZANO,
39012,Merano,BOLZANO,
39012,Merano,BOLZANO,
39012,Merano,BOLZANO,
39019,Tirolo,BOLZANO,
39019,Tirolo,BOLZANO,
39030,San Martin de TORINOr,BOLZANO,
39030,Percha,BOLZANO,
39030,Falzes,BOLZANO,
39031,Brunico,BOLZANO,
39042,Bressanone,BOLZANO,
39042,Bressanone,BOLZANO,
39042,Bressanone,BOLZANO,
39042,BRESSANONE,BOLZANO,
39042,BRESSANONE,BOLZANO,
39042,Bressanone,BOLZANO,
39042,Bressanone,BOLZANO,
39044,Egna,BOLZANO,
39044,Egna,BOLZANO,
39044,Egna (loc. isola di sopra),BOLZANO,
39052,Caldaro,BOLZANO,
39052,Caldaro,BOLZANO,
39055,Laives,BOLZANO,
39100,Bolzano,BOLZANO,
39100,Bolzano,BOLZANO,
39100,Bolzano,BOLZANO,
39100,Bolzano,BOLZANO,
39100,Bolzano,BOLZANO,
39100,Bolzano,BOLZANO,
39100,Bolzano,BOLZANO,
39100,Bolzano,BOLZANO,
39100,Bolzano,BOLZANO,
39100,Bolzano,BOLZANO,
39100,Bolzano,BOLZANO,
39100,Bolzano,BOLZANO,
39100,Bolzano,BOLZANO,
39100,Bolzano,BOLZANO,
39100,Bolzano,BOLZANO,
39100,Bolzano,BOLZANO,
39100,Bolzano,BOLZANO,
39100,Bolzano,BOLZANO,
39100,Bolzano,BOLZANO,
39100,Bolzano,BOLZANO,
39100,Bolzano,BOLZANO,
39100,Bolzano,BOLZANO,
39100,Bolzano,BOLZANO,
25010,Brescia,BRESCIA,
25015,Desenzano Del Garda,BRESCIA,
25015,Desenzano del Garda,BRESCIA,
25015,Desenzano del Garda,BRESCIA,
25015,Desenzano del Garda,BRESCIA,
25017,LonaTORINO,BRESCIA,
25018,Montichiari,BRESCIA,
25020,Flero,BRESCIA,
25038,RovaTORINO,BRESCIA,
25038,RovaTORINO,BRESCIA,
25038,RovaTORINO,BRESCIA,
25038,RovaTORINO,BRESCIA,
25038,RovaTORINO,BRESCIA,
25040,Corte Franca,BRESCIA,
25068,Sarezzo,BRESCIA,
25081,Bedizzole,BRESCIA,
25121,Brescia,BRESCIA,
25121,Brescia,BRESCIA,
25121,Brescia,BRESCIA,
25121,Brescia,BRESCIA,
25122,Brescia,BRESCIA,
25123,Brescia,BRESCIA,
25123,Brescia,BRESCIA,
25123,Brescia,BRESCIA,
25124,Brescia,BRESCIA,
25124,Brescia,BRESCIA,
25124,Brescia,BRESCIA,
25124,Brescia,BRESCIA,
25124,Brescia,BRESCIA,
25124,Brescia,BRESCIA,
25124,Brescia,BRESCIA,
25125,Brescia,BRESCIA,
25125,Brescia,BRESCIA,
25126,Brescia,BRESCIA,
25126,Brescia,BRESCIA,
25126,Brescia,BRESCIA,
25128,Brescia,BRESCIA,
25135,Brescia,BRESCIA,
25135,Brescia,BRESCIA,
25136,Brescia,BRESCIA,
25181,Bedizzole,BRESCIA,
24122,Brescia,BRESCIA,
25010,BorgosaTORINOllo,BRESCIA,
25015,Desenzano del Garda,BRESCIA,
25015,Desenzano d/G,BRESCIA,
25020,Flero,BRESCIA,
25021,BAGNOLO MELLA,BRESCIA,
25030,Erbusco,BRESCIA,
25030,Erbusco,BRESCIA,
25030,Eubusco,BRESCIA,
25040,Corte Franca,BRESCIA,
25040,Camignone in Franciacorta frazione di Passirano,BRESCIA,
25040,Cortefranca,BRESCIA,
25040,GIANICO,BRESCIA,
25050,Rodengo Saiano,BRESCIA,
25068,Sarezzo,BRESCIA,
25068,Sarezzo,BRESCIA,
25070,Casto,BRESCIA,
25070,Casto,BRESCIA,
25073,Bovezzo,BRESCIA,
25077,Roè volciano,BRESCIA,
25078,Vestone,BRESCIA,
25079,Vobarno,BRESCIA,
25087,Cunettone Salò,BRESCIA,
25121,Brescia,BRESCIA,
25121,Brescia,BRESCIA,
25122,Brescia,BRESCIA,
25122,Brescia,BRESCIA,
25123,Brescia,BRESCIA,
25124,Brescia,BRESCIA,
25124,Brescia,BRESCIA,
25124,Brescia,BRESCIA,
25124,Brescia,BRESCIA,
25124,Brescia,BRESCIA,
25124,Brescia,BRESCIA,
25124,Brescia,BRESCIA,
25125,Brescia,BRESCIA,
25126,Brescia,BRESCIA,
25128,Brescia,BRESCIA,
25128,Brescia,BRESCIA,
25128,Brescia,BRESCIA,
25128,Brescia,BRESCIA,
25135,Brescia,BRESCIA,
25135,Brescia,BRESCIA,
25125,Brescia,BRESCIA,
72013,CEGLIE MESSAPICA,BRINDISI,
72017,OSTUNI,BRINDISI,
72021,FRANCAVILLA FONTANA,BRINDISI,
72028,TORINORRE SANTA SUSANNA,BRINDISI,
72100,BRINDISI,BRINDISI,
72100,BRINDISI,BRINDISI,
72021,FRANCAVILLA FONTANA,BRINDISI,
09010,Pula,CAGLIARI,
09025,Sanluri,CAGLIARI,
09039,Villacidro,CAGLIARI,
09042,MonserraTORINO,CAGLIARI,
09042,MonserraTORINO,CAGLIARI,
09045,Quartu Sant'Elena,CAGLIARI,
09045,Quartu Sant'Elena,CAGLIARI,
09122,Cagliari,CAGLIARI,
09122,Cagliari,CAGLIARI,
09123,Cagliari,CAGLIARI,
09123,Cagliari,CAGLIARI,
09124,Cagliari,CAGLIARI,
09124,Cagliari,CAGLIARI,
09125,Cagliari,CAGLIARI,
09127,Cagliari,CAGLIARI,
09128,Cagliari,CAGLIARI,
09128,Cagliari,CAGLIARI,
09129,Cagliari,CAGLIARI,
09129,Cagliari,CAGLIARI,
09129,Cagliari,CAGLIARI,
09131,Cagliari,CAGLIARI,
09131,Cagliari,CAGLIARI,
09131,Cagliari,CAGLIARI,
09134,Cagliari,CAGLIARI,
09134,Cagliari,CAGLIARI,
09040,SENORBI' - Ortacesus,CAGLIARI,
09122,Cagliari,CAGLIARI,
09122,CAGLIARI,CAGLIARI,
09126,CAGLIARI,CAGLIARI,
09134,PIRRI,CAGLIARI,
93100,Caltanissetta,CALTANISETTA,
93100,Caltanissetta,CALTANISETTA,
93100,Caltanissetta,CALTANISETTA,
93100,Caltanissetta,CALTANISETTA,
86039,Termoli,CAMPOBASSO,
86039,Termoli,CAMPOBASSO,
86039,Termoli,CAMPOBASSO,
86100,Campobasso,CAMPOBASSO,
86100,Campobasso,CAMPOBASSO,
09013,CARBONIA,CARBONIA,
09010,Santadi,CARBONIA-IGLESIAS,
81020,San Nicola La Strada,CASERTA,
81020,San Nicola La Strada,CASERTA,
81020,San Nicola La Strada,CASERTA,
81022,Casagiove,CASERTA,
81025,Marcianise,CASERTA,
81025,Marcianise,CASERTA,
81025,Marcianise,CASERTA,
81027,San Felice a Cancello,CASERTA,
81030,Orta di Atella,CASERTA,
81030,Succivo,CASERTA,
81030,Gricignano di Aversa,CASERTA,
81030,San marcellino,CASERTA,
81030,Cesa,CASERTA,
81030,Orta di Atella,CASERTA,
81031,Aversa,CASERTA,
81031,Aversa,CASERTA,
81031,Aversa,CASERTA,
81031,Aversa,CASERTA,
81031,Aversa,CASERTA,
81031,Aversa,CASERTA,
81032,Carinaro,CASERTA,
81038,Trentola Ducenta,CASERTA,
81041,Bellona,CASERTA,
81041,Bellona,CASERTA,
81049,Mignano Monte Lungo,CASERTA,
81055,Santa Maria Capua Vetere,CASERTA,
81055,S. Maria Capua Vetere,CASERTA,
81100,Caserta,CASERTA,
81100,Caserta,CASERTA,
81100,Caserta,CASERTA,
81100,Caserta,CASERTA,
81100,Caserta,CASERTA,
81100,Caserta,CASERTA,
81100,Caserta,CASERTA,
81100,Caserta,CASERTA,
81100,Caserta,CASERTA,
81020,Casapulla,CASERTA,
81025,Marcianise,CASERTA,
81025,Marcianise,CASERTA,
81030,Cesa,CASERTA,
81031,Aversa,CASERTA,
81050,PasTOrano,CASERTA,
81100,Caserta,CASERTA,
95016,Mascali,CATANIA,
95019,Zafferana Etnea,CATANIA,
95021,Acicastello,CATANIA,
95022,Acicatena,CATANIA,
95024,Acireale,CATANIA,
95024,Acireale,CATANIA,
95025,Aci Sant' AnTORINOnio,CATANIA,
95027,San Gregorio di Catania,CATANIA,
95027,San Gregorio di Catania,CATANIA,
95030,Tremestieri Etneo,CATANIA,
95030,Tremestieri Etneo,CATANIA,
95034,Bronte,CATANIA,
95037,San Giovanni La Punta,CATANIA,
95037,San Giovanni La Punta,CATANIA,
95041,Caltagirone,CATANIA,
95045,MILANOsterbianco,CATANIA,
95123,Catania,CATANIA,
95123,Catania,CATANIA,
95124,Catania,CATANIA,
95124,Catania,CATANIA,
95125,Catania,CATANIA,
95125,Catania,CATANIA,
95125,Catania,CATANIA,
95126,Catania,CATANIA,
95127,Catania,CATANIA,
95128,Catania,CATANIA,
95128,Catania,CATANIA,
95129,Catania,CATANIA,
95129,Catania,CATANIA,
95124,Catania,CATANIA,
88046,LAMEZIA TEROMAE,CATANZARO,
88046,LAMEZIA TEROMAE,CATANZARO,
88060,S. Maria di Catanzaro,CATANZARO,
88060,DAVOLI MARINA,CATANZARO,
88049,SOVERIA MANNELLI,CATANZARO,
88049,SOVERIA MANNELLI,CATANZARO,
88100,CATANZARO,CATANZARO,
66026,Ortona,CHIETI,
66030,Treglio,CHIETI,
66054,Vasto,CHIETI,
66020,SAMBUCETO DI S.G.TEATINO,CHIETI,
66020,SAN GIOVANNI TEATINO,CHIETI,
66054,Vasto,CHIETI,
22036,Erba,COMO,
22040,Anzano del Parco,COMO,
22060,Figino Serenza,COMO,
22060,Carimate,COMO,
22063,Cantù,COMO,
22063,Cantù,COMO,
22063,Cantù,COMO,
22066,Mariano Comense,COMO,
22066,Mariano Comense,COMO,
22066,Mariano Comense,COMO,
22066,Mariano Comense,COMO,
22070,Fenegro,COMO,
22073,Fino Mornasco,COMO,
22074,Lomazzo,COMO,
22100,Como,COMO,
22100,Como,COMO,
22100,Como,COMO,
22100,Como,COMO,
22100,Como,COMO,
22100,Como,COMO,
22100,Como,COMO,
22070,Bregnano,COMO,
87012,CASTROVILLARI,COSENZA,
87012,CASTROVILLARI,COSENZA,
87030,ROGENOVAS DI RENDE,COSENZA,
87054,ROGLIANO,COSENZA,
87100,COSENZA,COSENZA,
87100,COSENZA,COSENZA,
87100,COSENZA,COSENZA,
87016,Morano Calabro,COSENZA,
87036,Rende,COSENZA,
87100,COSENZA,COSENZA,
26012,Castelleone,CREMONA,
26013,Crema,CREMONA,
26013,Crema,CREMONA,
26013,Crema,CREMONA,
26013,Crema,CREMONA,
26034,Piadena,CREMONA,
26034,Piadena,CREMONA,
26041,Casalmaggiore,CREMONA,
26100,Dosimo,CREMONA,
26100,Cremona,CREMONA,
26100,Cremona,CREMONA,
26100,Cremona,CREMONA,
20100,Persico Dosimo,CREMONA,
26041,Casalmaggiore,CREMONA,
88900,CROTONE,CROTONE,
88900,CROTO+B3856NE+B3875,CROTONE,
10060,Grinzane Cavour,CUNEO,
12016,Peveragno,CUNEO,
12030,CavalleROMAaggiore,CUNEO,
12030,Manta,CUNEO,
12030,Marene,CUNEO,
12035,Racconigi,CUNEO,
12037,Saluzzo,CUNEO,
12038,Savigliano,CUNEO,
12038,Savigliano,CUNEO,
12042,Bra,CUNEO,
12042,Bra,CUNEO,
12042,Bra,CUNEO,
12043,Canale,CUNEO,
12045,Fossano,CUNEO,
12045,Fossano,CUNEO,
12050,Trezzo Tinella,CUNEO,
12050,Guarene,CUNEO,
12050,Neviglie,CUNEO,
12051,Alba,CUNEO,
12051,Alba,CUNEO,
12051,Alba,CUNEO,
12051,Alba,CUNEO,
12051,Alba,CUNEO,
12051,Alba,CUNEO,
12051,Alba,CUNEO,
12060,Roddi,CUNEO,
12060,Roddi,CUNEO,
12062,RoreTORINO di Cherasco,CUNEO,
12062,Cherasco,CUNEO,
12062,Cherasco,CUNEO,
12063,Dogliani,CUNEO,
12064,La Morra,CUNEO,
12073,Ceva,CUNEO,
12084,Mondovì,CUNEO,
12100,Cuneo,CUNEO,
12100,Cuneo,CUNEO,
12100,Cuneo,CUNEO,
12100,Cuneo,CUNEO,
12100,Cuneo,CUNEO,
12100,Cuneo,CUNEO,
12100,Cuneo,CUNEO,
12100,Cuneo,CUNEO,
12010,VIGNOLO,CUNEO,
12012,BOVES,CUNEO,
12035,CARAMAGNA PIEMONTE,CUNEO,
12041,Bene Vagienna,CUNEO,
12042,BRA,CUNEO,
12050,Guarene,CUNEO,
12051,ALBA,CUNEO,
12060,Farigliano,CUNEO,
12073,CEVA,CUNEO,
12100,CUNEO,CUNEO,
63841,Monteleone di Fermo,FERMO,
63900,Fermo (centro commerciale Servilegno),FERMO,
63018,PORTO SANT'ELPIDIO,FERMO,
44015,Portomaggiore,FERRARA,
44049,Vigarano Mainarda,FERRARA,
44100,Ferrara,FERRARA,
44100,Ferrara,FERRARA,
44100,Ferrara,FERRARA,
44100,Ferrara,FERRARA,
44122,Ferrara,FERRARA,
50014,Fiesole,FIRENZE,
50018,Scandicci,FIRENZE,
50018,Scandicci,FIRENZE,
50018,Scandicci,FIRENZE,
50018,Scandicci,FIRENZE,
50019,SesTORINO Fiorentino,FIRENZE,
50019,SesTORINO Fiorentino,FIRENZE,
50019,SesTORINO Fiorentino,FIRENZE,
50025,MontesperTORINOli,FIRENZE,
50025,MontesperTORINOli,FIRENZE,
50028,Barberino V.Elsa,FIRENZE,
50039,Vicchio,FIRENZE,
50041,Calenzano,FIRENZE,
50041,Calenzano,FIRENZE,
50051,Castelfiorentino,FIRENZE,
50052,Certaldo,FIRENZE,
50053,Empoli,FIRENZE,
50054,Fucecchio,FIRENZE,
50054,Fucecchio,FIRENZE,
50055,Lastra a Signa,FIRENZE,
50058,via dei Sodi 44B,FIRENZE,
50061,Compiobbi,FIRENZE,
50065,Pontassieve,FIRENZE,
50065,Pontassieve,FIRENZE,
50100,Firenze,FIRENZE,
50100,Firenze,FIRENZE,
50121,Firenze,FIRENZE,
50121,Firenze,FIRENZE,
50121,FIRENZE,FIRENZE,
50121,Firenze,FIRENZE,
50121,Firenze,FIRENZE,
50121,Firenze,FIRENZE,
50122,Firenze,FIRENZE,
50122,Firenze,FIRENZE,
50122,Firenze,FIRENZE,
50122,Firenze,FIRENZE,
50122,Firenze,FIRENZE,
50122,firenze,FIRENZE,
50122,firenze,FIRENZE,
50123,Firenze,FIRENZE,
50123,Firenze,FIRENZE,
50123,Firenze,FIRENZE,
50123,firenze,FIRENZE,
50123,Firenze,FIRENZE,
50123,Firenze,FIRENZE,
50124,Firenze,FIRENZE,
50124,Firenze,FIRENZE,
50124,Firenze,FIRENZE,
50124,FIRENZE,FIRENZE,
50124,Firenze,FIRENZE,
50124,Firenze,FIRENZE,
50124,Firenze,FIRENZE,
50125,Firenze,FIRENZE,
50125,Firenze,FIRENZE,
50125,Firenze,FIRENZE,
50125,Firenze,FIRENZE,
50125,Firenze,FIRENZE,
50125,Firenze,FIRENZE,
50125,Firenze,FIRENZE,
50125,Firenze,FIRENZE,
50125,Firenze,FIRENZE,
50125,Firenze,FIRENZE,
50126,Firenze,FIRENZE,
50126,Firenze,FIRENZE,
50126,Firenze,FIRENZE,
50126,firenze,FIRENZE,
50127,Firenze,FIRENZE,
50127,Firenze,FIRENZE,
50127,Firenze,FIRENZE,
50129,FIRENZE,FIRENZE,
50129,Firenze,FIRENZE,
50129,Firenze,FIRENZE,
50129,Firenze,FIRENZE,
50129,Firenze,FIRENZE,
50131,Firenze,FIRENZE,
50131,Firenze,FIRENZE,
50131,Firenze,FIRENZE,
50131,Firenze,FIRENZE,
50132,Firenze,FIRENZE,
50132,Firenze,FIRENZE,
50133,Firenze,FIRENZE,
50134,Firenze,FIRENZE,
50134,Firenze,FIRENZE,
50134,Firenze,FIRENZE,
50134,Firenze,FIRENZE,
50134,Firenze,FIRENZE,
50135,firenze,FIRENZE,
50136,via Lanza 64A,FIRENZE,
50136,Firenze,FIRENZE,
50136,FIRENZE,FIRENZE,
50136,FIRENZE,FIRENZE,
50136,Firenze,FIRENZE,
50136,firenze,FIRENZE,
50142,Firenze,FIRENZE,
50142,Firenze,FIRENZE,
50143,Firenze,FIRENZE,
50144,Firenze,FIRENZE,
50144,FIRENZE,FIRENZE,
59100,Prato,FIRENZE,
50121,Firenze,FIRENZE,
50010,Capalle,FIRENZE,
50010,BADIA A SETTIMO-SCANDICC,FIRENZE,
50010,CAPALLE,FIRENZE,
50010,Fiesole,FIRENZE,
50012,Grassina,FIRENZE,
50012,Bagno a Ripoli,FIRENZE,
50012,BAGNO A RIPOLI,FIRENZE,
50012,Grassina,FIRENZE,
50012,Antella,FIRENZE,
50012,Antella,FIRENZE,
50012,Bagno a Ripoli,FIRENZE,
50012,Bagno a Ripoli,FIRENZE,
50012,bagno a Ripoli,FIRENZE,
50013,Capalle,FIRENZE,
50013,Campi Bisenzio,FIRENZE,
50013,Campi Bisenzio,FIRENZE,
50013,Campi Bisenzio,FIRENZE,
50013,Campi Bisenzio,FIRENZE,
50013,Campi Bisenzio,FIRENZE,
50013,Campi Bisenzio,FIRENZE,
50013,San Donnino,FIRENZE,
50013,Campi Bisenzio,FIRENZE,
50015,Grassina,FIRENZE,
50017,S.PIERO A PONTI,FIRENZE,
50018,Badia a Settimo - Scandicci,FIRENZE,
50018,Scandicci,FIRENZE,
50018,Scandicci,FIRENZE,
50018,SCANDICCI,FIRENZE,
50018,Scandicci,FIRENZE,
50018,Scandicci,FIRENZE,
50018,Scandicci,FIRENZE,
50018,Scandicci,FIRENZE,
50018,Scandicci,FIRENZE,
50018,Scandicci,FIRENZE,
50018,Scandicci,FIRENZE,
50018,Loc. Olmo Scandicci,FIRENZE,
50018,Scandicci,FIRENZE,
50018,Scandicci,FIRENZE,
50019,Osmannoro,FIRENZE,
50019,sesTORINO fiorentino,FIRENZE,
50019,SESTORINO FIORENTINO,FIRENZE,
50019,SESTORINO FIORENTINO,FIRENZE,
50019,SesTORINO Fiorentino,FIRENZE,
50019,SesTORINO Fiorentino,FIRENZE,
50019,Osmannoro,FIRENZE,
50019,SesTORINO Fiorentino-Osmannoro,FIRENZE,
50019,SesTORINO Fiorentino,FIRENZE,
50019,SesTORINO Fiorentino,FIRENZE,
50019,Osmannoro,FIRENZE,
50020,Mercatale val di Pesa,FIRENZE,
50025,Montespertoli,FIRENZE,
50026,S. Casciano Val di Pesa,FIRENZE,
50026,S. Casciano val di Pesa,FIRENZE,
50028,Tavarnelle Val di Pesa,FIRENZE,
50031,Barberino di Mugello,FIRENZE,
50041,CALENZANO,FIRENZE,
50041,CALENZANO,FIRENZE,
50041,CALENZANO,FIRENZE,
50041,Calenzano,FIRENZE,
50041,Calenzano,FIRENZE,
50041,Calenzano,FIRENZE,
50050,CAPRAIA LImiTE,FIRENZE,
50050,CAPRAIA LImiTE,FIRENZE,
50050,Stabbia - Cerreto Guidi,FIRENZE,
50050,CAPRAIA LImiTE,FIRENZE,
50050,Stabbia,FIRENZE,
50053,EMPOLI,FIRENZE,
50053,EMPOLI,FIRENZE,
50053,EMPOLI,FIRENZE,
50053,Empoli,FIRENZE,
50053,Empoli,FIRENZE,
50053,Empoli,FIRENZE,
50053,Empoli,FIRENZE,
50053,Empoli,FIRENZE,
50054,FUCECCHIO,FIRENZE,
50054,Fucecchio,FIRENZE,
50055,Lastra a Signa,FIRENZE,
50055,Lastra a Signa,FIRENZE,
50056,Montelupo Fiorentino,FIRENZE,
50058,Signa,FIRENZE,
50058,Signa,FIRENZE,
50058,Signa,FIRENZE,
50058,Signa,FIRENZE,
50058,Signa,FIRENZE,
50058,Signa,FIRENZE,
50059,VINCI,FIRENZE,
50059,VINCI,FIRENZE,
50059,Vinci,FIRENZE,
50059,Spicchio-Vinci,FIRENZE,
50059,Sovigliana Vinci,FIRENZE,
50060,Pelago,FIRENZE,
50063,Figline Valdarno,FIRENZE,
50065,Pontassieve,FIRENZE,
50065,Sieci,FIRENZE,
50066,REGGELLO,FIRENZE,
50066,REGGELLO,FIRENZE,
50100,Firenze,FIRENZE,
50100,Firenze,FIRENZE,
50100,Firenze,FIRENZE,
50121,firenze,FIRENZE,
50122,Firenze,FIRENZE,
50122,Firenze,FIRENZE,
50122,Firenze,FIRENZE,
50122,Firenze,FIRENZE,
50122,Firenze,FIRENZE,
50122,Firenze,FIRENZE,
50123,Firenze,FIRENZE,
50123,Firenze,FIRENZE,
50123,Firenze,FIRENZE,
50123,Firenze,FIRENZE,
50123,Firenze,FIRENZE,
50123,Firenze,FIRENZE,
50123,Firenze,FIRENZE,
50123,Firenze,FIRENZE,
50124,Firenze,FIRENZE,
50124,Firenze,FIRENZE,
50125,Firenze,FIRENZE,
50125,firenze,FIRENZE,
50125,Firenze,FIRENZE,
50125,Pozzolatico,FIRENZE,
50125,Firenze,FIRENZE,
50125,Firenze,FIRENZE,
50125,Firenze,FIRENZE,
50125,Firenze,FIRENZE,
50125,Firenze,FIRENZE,
50126,FIRENZE,FIRENZE,
50126,Firenze,FIRENZE,
50126,Firenze,FIRENZE,
50126,Firenze,FIRENZE,
50127,FIRENZE,FIRENZE,
50127,Firenze,FIRENZE,
50129,Firenze,FIRENZE,
50129,Firenze,FIRENZE,
50129,Firenze,FIRENZE,
50131,Firenze,FIRENZE,
50131,Firenze,FIRENZE,
50131,Firenze,FIRENZE,
50132,FIRENZE,FIRENZE,
50132,Firenze,FIRENZE,
50132,Firenze,FIRENZE,
50132,Firenze,FIRENZE,
50133,Firenze,FIRENZE,
50133,Firenze,FIRENZE,
50134,Firenze,FIRENZE,
50136,Firenze,FIRENZE,
50136,Firenze,FIRENZE,
50136,Firenze,FIRENZE,
50141,Firenze,FIRENZE,
50141,Firenze,FIRENZE,
50142,Firenze,FIRENZE,
50142,Firenze,FIRENZE,
50142,Firenze,FIRENZE,
50143,Firenze,FIRENZE,
50143,caldine/Firenze,FIRENZE,
50143,Firenze,FIRENZE,
50144,Firenze,FIRENZE,
50144,Firenze,FIRENZE,
50144,Firenze,FIRENZE,
50145,Firenze,FIRENZE,
50145,FIRENZE,FIRENZE,
50145,Firenze,FIRENZE,
50124,Firenze,FIRENZE,
50053,Empoli,FIRENZE,
71015,SAN NICANDRO GARGANICO,FOGGIA,
71036,LUCERA,FOGGIA,
71036,LUCERA,FOGGIA,
71100,FOGGIA,FOGGIA,
71100,FOGGIA,FOGGIA,
71121,FOGGIA,FOGGIA,
71016,SAN SEVERO,FOGGIA,
71036,LUCERA,FOGGIA,
71042,CERIGNOLA,FOGGIA,
71100,FOGGIA,FOGGIA,
47023,Cesena,FORLI,
47023,Cesena,FORLI,
47025,Mercato Saraceno,FORLI,
47030,S. Mauro Pascoli,FORLI,
47032,Bertinoro,FORLI,
47039,Savignano Sul Rubicone,FORLI,
47042,Cesenatico,FORLI,
47100,Forli',FORLI,
47100,Forli',FORLI,
47100,Forli',FORLI,
47100,Forli',FORLI,
47122,Forli',FORLI,
47122,Forli',FORLI,
47122,Forli',FORLI,
47122,Forlì,FORLI,
47122,Forli,FORLI,
47122,Forlì,FORLI,
47521,Cesena,FORLI,
47521,Cesena,FORLI,
47521,Cesena,FORLI,
03100,FROSINONE,FROSINONE,
16030,Sori,GENOVA,
16030,Ruta di Camogli,GENOVA,
16031,Sori,GENOVA,
16035,Rapallo,GENOVA,
16036,Recco,GENOVA,
16038,Santa Margherita Ligure,GENOVA,
16043,Chiavari,GENOVA,
16121,GENOVAnova,GENOVA,
16121,GENOVAnova,GENOVA,
16121,GENOVAnova,GENOVA,
16121,GENOVAnova,GENOVA,
16121,GENOVAnova,GENOVA,
16121,GENOVAnova,GENOVA,
16122,GENOVAnova,GENOVA,
16122,GENOVAnova,GENOVA,
16122,GENOVAnova,GENOVA,
16122,GENOVAnova,GENOVA,
16122,GENOVAnova,GENOVA,
16123,GENOVAnova,GENOVA,
16123,GENOVAnova,GENOVA,
16123,GENOVAnova,GENOVA,
16123,GENOVAnova,GENOVA,
16123,GENOVAnova,GENOVA,
16123,GENOVAnova,GENOVA,
16123,GENOVAnova,GENOVA,
16123,GENOVAnova,GENOVA,
16123,GENOVAnova,GENOVA,
16123,GENOVAnova,GENOVA,
16123,GENOVAnova,GENOVA,
16123,GENOVAnova,GENOVA,
16123,GENOVAnova,GENOVA,
16123,GENOVAnova,GENOVA,
16123,GENOVAnova,GENOVA,
16123,GENOVAnova,GENOVA,
16123,GENOVAnova,GENOVA,
16123,GENOVAnova,GENOVA,
16123,GENOVAnova,GENOVA,
16123,GENOVAnova,GENOVA,
16123,GENOVAnova,GENOVA,
16124,GENOVAnova,GENOVA,
16124,GENOVAnova,GENOVA,
16124,GENOVAnova,GENOVA,
16124,GENOVAnova,GENOVA,
16124,GENOVAnova,GENOVA,
16124,GENOVAnova,GENOVA,
16124,GENOVAnova,GENOVA,
16125,GENOVAnova,GENOVA,
16125,GENOVAnova,GENOVA,
16125,GENOVAnova,GENOVA,
16126,GENOVAnova,GENOVA,
16126,GENOVAnova,GENOVA,
16128,GENOVAnova,GENOVA,
16128,GENOVAnova,GENOVA,
16128,GENOVAnova,GENOVA,
16128,GENOVAnova,GENOVA,
16128,GENOVAnova,GENOVA,
16128,GENOVAnova,GENOVA,
16129,GENOVAnova,GENOVA,
16129,GENOVAnova,GENOVA,
16129,GENOVAnova,GENOVA,
16129,GENOVAnova,GENOVA,
16131,GENOVAnova,GENOVA,
16131,GENOVAnova,GENOVA,
16134,GENOVAnova,GENOVA,
16137,GENOVAnova,GENOVA,
16137,GENOVAnova,GENOVA,
16138,GENOVAnova,GENOVA,
16143,GENOVAnova,GENOVA,
16143,GENOVAnova,GENOVA,
16144,GENOVAnova,GENOVA,
16145,GENOVAnova,GENOVA,
16147,GENOVAnova,GENOVA,
16147,GENOVAnova,GENOVA,
16149,GENOVAnova,GENOVA,
16149,GENOVAnova,GENOVA,
16151,GENOVAnova,GENOVA,
16151,GENOVAnova,GENOVA,
16152,GENOVAnova,GENOVA,
16152,GENOVAnova,GENOVA,
16153,GENOVAnova,GENOVA,
16155,GENOVAnova Pegli,GENOVA,
16162,GENOVAnova,GENOVA,
16163,GENOVAnova,GENOVA,
16167,GENOVAnova,GENOVA,
16167,GENOVAnova,GENOVA,
16010,Savignone,GENOVA,
16010,MANESSENO,GENOVA,
16031,BOGLIASCO,GENOVA,
16033,LAVAGNA,GENOVA,
16036,Recco,GENOVA,
16036,RECCO,GENOVA,
16042,CARASCO,GENOVA,
16122,GENOVAnova,GENOVA,
16138,GENOVANOVA,GENOVA,
16138,GENOVAnova,GENOVA,
16141,GENOVANOVA,GENOVA,
16142,GENOVANOVA,GENOVA,
16143,GENOVAnova,GENOVA,
16143,GENOVAnova,GENOVA,
16143,GENOVANOVA,GENOVA,
16144,GENOVANOVA,GENOVA,
16145,GENOVAnova,GENOVA,
16145,GENOVANOVA,GENOVA,
16163,GENOVANOVA SAN BIAGIO,GENOVA,
16163,GENOVANOVA,GENOVA,
16165,GENOVANOVA,GENOVA,
34071,CoROMAons,GORIZIA,
34071,CoROMAons,GORIZIA,
34077,Ronchi dei Legionari,GORIZIA,
58100,Grosseto,GROSSETO,
18012,Bordighera,IMPERIA,
18012,Bordighera,IMPERIA,
18018,AROMAa di Taggia,IMPERIA,
18018,Taggia,IMPERIA,
18018,AROMAa di Taggia,IMPERIA,
18019,Vallecrosia,IMPERIA,
18038,Sanremo,IMPERIA,
18039,VentiMILANOglia,IMPERIA,
18100,Imperia,IMPERIA,
18100,Imperia,IMPERIA,
18100,Imperia,IMPERIA,
19039,VentiMILANOglia,IMPERIA,
18038,SANREMO,IMPERIA,
18100,IMPERIA,IMPERIA,
86170,Isernia,ISERNIA,
86170,Isernia,ISERNIA,
04010,LATINA,LATINA,
04011,APRILIA,LATINA,
04012,CISTERNA DI LATINA,LATINA,
04019,TERRACINA,LATINA,
04024,GAETA,LATINA,
04100,LATINA,LATINA,
04100,LATINA,LATINA,
04100,LATINA,LATINA,
04100,LATINA,LATINA,
73013,GALATINA,LECCE,
73022,Corigliano D'OtranTORINO,LECCE,
73024,MAGLIE,LECCE,
73024,MAGLIE,LECCE,
73031,NOVOLI,LECCE,
73051,NOVOLI,LECCE,
73052,PARABITA,LECCE,
73052,PARABITA,LECCE,
73100,LECCE,LECCE,
73100,LECCE,LECCE,
73100,LECCE,LECCE,
73100,LECCE,LECCE,
73100,LECCE,LECCE,
73100,LECCE,LECCE,
73014,GALLIPOLI,LECCE,
73024,Maglie,LECCE,
73024,MAGLIE,LECCE,
73046,MATINO,LECCE,
73058,TUGLIE,LECCE,
73058,TUGLIE,LECCE,
73100,LECCE,LECCE,
73100,LECCE,LECCE,
73100,Lecce,LECCE,
23807,Merate,LECCO,
23826,Mandello del Lario,LECCO,
23861,Cesana Brianza,LECCO,
23864,Malgrate,LECCO,
23873,MILANOssaglia,LECCO,
23876,Carate Brianza,LECCO,
23880,Casatenovo,LECCO,
23880,Casatenovo,LECCO,
23900,Lecco,LECCO,
23899,Robbiate,LECCO,
57013,Rosignano Solvay,LIVORNO,
57016,Rosignano solvay,LIVORNO,
57122,Livorno,LIVORNO,
57125,Livorno,LIVORNO,
57020,La California,LIVORNO,
57033,Marciana Marina,LIVORNO,
57034,Marina di Campo,LIVORNO,
26845,Codogno,LODI,
26845,Codogno,LODI,
26845,Codogno,LODI,
26854,Cornegliano Laudense,LODI,
26854,Cornegliano Laudense,LODI,
51100,Lucca,LUCCA,
55011,AlTopascio,LUCCA,
55043,Lido di Camaiore,LUCCA,
55045,Pietrasanta,LUCCA,
55049,Viareggio,LUCCA,
55049,Viareggio,LUCCA,
55049,Viareggio,LUCCA,
55100,Lucca,LUCCA,
55100,Lucca,LUCCA,
55100,Lucca,LUCCA,
55100,arancio,LUCCA,
55100,Lucca,LUCCA,
55100,Lucca,LUCCA,
55100,Lucca,LUCCA,
55100,Lucca,LUCCA,
55100,LUCCA,LUCCA,
55100,Lucca,LUCCA,
55100,Lucca,LUCCA,
55100,Lucca,LUCCA,
55011,AlTopascio,LUCCA,
55011,AlTopascio,LUCCA,
55011,AlTopascio,LUCCA,
55023,Diecimo-Lucca,LUCCA,
55040,Capezzano Pianore,LUCCA,
55042,Forte dei MaROMAi,LUCCA,
55049,Viareggio,LUCCA,
55061,Carraia Lucca,LUCCA,
55100,Lucca,LUCCA,
55100,San Marco,LUCCA,
55100,LUCCA,LUCCA,
55100,Lucca,LUCCA,
06900,Lugano,LUGANO,
62012,Civitanova Marche,MACERATA,
62012,Civitanova Marche,MACERATA,
62012,Civitanova Marche,MACERATA,
62012,Civitanova Marche,MACERATA,
62029,TORINOlentino,MACERATA,
62100,Macerata,MACERATA,
62010,POLLENZA,MACERATA,
62012,Civitanova Marche,MACERATA,
62012,CIVITANOVA MARCHE,MACERATA,
62014,Corridonia,MACERATA,
62019,RECANATI,MACERATA,
62029,TORINOLENTINO,MACERATA,
46010,Levata,MANTOVA,
46019,Viadana,MANTOVA,
46019,Viadana,MANTOVA,
46026,Quistello,MANTOVA,
46031,Bagnolo San Vito,MANTOVA,
46043,Castiglione delle Stiviere,MANTOVA,
46049,Volta Mantovana,MANTOVA,
46100,Mantova,MANTOVA,
46100,Mantova,MANTOVA,
42014,Brescello,MANTOVA,
46019,Viadana,MANTOVA,
46041,Asola,MANTOVA,
46043,Castiglione delle Stiviere,MANTOVA,
46043,Castiglione delle Stiviere,MANTOVA,
46100,ManTORINOva,MANTOVA,
46100,ManTORINOva,MANTOVA,
46100,ManTORINOva,MANTOVA,
46100,ManTORINOva,MANTOVA,
46100,ManTORINOva,MANTOVA,
46100,ManTORINOva,MANTOVA,
46100,ManTORINOva,MANTOVA,
46100,MANTORINOVA,MANTOVA,
46100,ManTORINOva,MANTOVA,
46100,ManTORINOva,MANTOVA,
54100,Massa,MASSA,
54100,Massa ,MASSA,
54033,Carrara,MASSA,
54100,MASSA,MASSA,
75100,MATERA,MATERA,
75100,Matera,MATERA,
75100,MATERA,MATERA,
75100,Matera,MATERA,
75100,MATERA,MATERA,
75100,Matera,MATERA,
75013,FERRANDINA,MATERA,
75024,MONTESCAGLIOSO,MATERA,
75100,Matera,MATERA,
75100,MATERA,MATERA,
75100,MATERA,MATERA,
75100,MATERA,MATERA,
75100,Matera,MATERA,
98028,Santa Teresa Di Riva,MESSINA,
98044,San Filippo del Mela,MESSINA,
98051,Barcellona Pozzo Di GotTORINO,MESSINA,
98122,Messina,MESSINA,
98122,Messina,MESSINA,
98123,Messina,MESSINA,
98168,Messina,MESSINA,
20010,SanTORINO Stefano Ticino,MILANO,
20010,Canegrate,MILANO,
20010,Vittuone,MILANO,
20017,Passirana di Rho,MILANO,
20020,Lainate,MILANO,
20020,Arese,MILANO,
20021,Bollate,MILANO,
20025,Legnano,MILANO,
20025,Legnano,MILANO,
20025,Legnano,MILANO,
20025,Legnano,MILANO,
20025,Legnano,MILANO,
20026,Novate MILANOlanese,MILANO,
20030,Senago,MILANO,
20032,CoROMAano,MILANO,
20060,Basiano,MILANO,
20062,Cassano D'Adda,MILANO,
20063,Cernusco S/N,MILANO,
20090,Trezzano S/N,MILANO,
20090,Cologno Monzese,MILANO,
20090,Segrate,MILANO,
20090,Settimo MILANOlanese,MILANO,
20090,Opera,MILANO,
20090,Buccinasco,MILANO,
20090,Buccinasco,MILANO,
20090,Trezzano sul Naviglio,MILANO,
20090,Assago,MILANO,
20092,Cinisello Balsamo,MILANO,
20093,Cologno Monzese,MILANO,
20093,Cologno Monzese,MILANO,
20096,Pioltello,MILANO,
20096,Pioltello,MILANO,
20098,San Giuliano MILANOlanese,MILANO,
20099,SesTORINO San Giovanni,MILANO,
20099,SesTORINO San Giovanni,MILANO,
20121,MILANOlano,MILANO,
20121,MILANOlano,MILANO,
20121,MILANOlano,MILANO,
20121,MILANOlano,MILANO,
20121,MILANOlano,MILANO,
20121,MILANOlano,MILANO,
20121,MILANOlano,MILANO,
20121,MILANOlano,MILANO,
20121,MILANOlano,MILANO,
20121,MILANOlano,MILANO,
20121,MILANOlano,MILANO,
20121,MILANOlano,MILANO,
20121,MILANOlano,MILANO,
20121,MILANOlano,MILANO,
20121,MILANOlano,MILANO,
20121,MILANOlano,MILANO,
20121,MILANOlano,MILANO,
20121,MILANOlano,MILANO,
20121,MILANOlano,MILANO,
20121,MILANOlano,MILANO,
20121,MILANOlano,MILANO,
20121,MILANOlano,MILANO,
20121,MILANOlano,MILANO,
20121,MILANOlano,MILANO,
20121,MILANOlano,MILANO,
20121,MILANOlano,MILANO,
20121,MILANOlano,MILANO,
20121,MILANOlano,MILANO,
20121,MILANOlano,MILANO,
20121,MILANOlano,MILANO,
20122,MILANOlano,MILANO,
20122,MILANOlano,MILANO,
20122,MILANOlano,MILANO,
20122,MILANOlano,MILANO,
20122,MILANOlano,MILANO,
20122,MILANOlano,MILANO,
20122,MILANOlano,MILANO,
20122,MILANOlano,MILANO,
20122,MILANOlano,MILANO,
20122,MILANOlano,MILANO,
20122,MILANOlano,MILANO,
20122,MILANOlano,MILANO,
20122,MILANOlano,MILANO,
20122,MILANOlano,MILANO,
20122,MILANOlano,MILANO,
20123,MILANOlano,MILANO,
20123,MILANOlano,MILANO,
20123,MILANOlano,MILANO,
20123,MILANOlano,MILANO,
20123,MILANOlano,MILANO,
20123,MILANOlano,MILANO,
20123,MILANOlano,MILANO,
20123,MILANOlano,MILANO,
20123,MILANOlano,MILANO,
20123,MILANOlano,MILANO,
20123,MILANOlano,MILANO,
20123,MILANOlano,MILANO,
20123,MILANOlano,MILANO,
20123,MILANOlano,MILANO,
20123,MILANOlano,MILANO,
20123,MILANOlano,MILANO,
20123,MILANOlano,MILANO,
20123,MILANOlano,MILANO,
20123,MILANOlano,MILANO,
20123,MILANOlano,MILANO,
20123,MILANOlano,MILANO,
20123,MILANOlano,MILANO,
20123,MILANOlano,MILANO,
20123,MILANOlano,MILANO,
20123,MILANOlano,MILANO,
20123,MILANOlano,MILANO,
20123,MILANOlano,MILANO,
20123,MILANOlano,MILANO,
20123,MILANOlano,MILANO,
20123,MILANOlano,MILANO,
20123,MILANOlano,MILANO,
20123,MILANOlano,MILANO,
20123,MILANOlano,MILANO,
20124,MILANOlano,MILANO,
20124,MILANOlano,MILANO,
20124,MILANOlano,MILANO,
20124,MILANOlano,MILANO,
20124,MILANOlano,MILANO,
20124,MILANOlano,MILANO,
20124,MILANOlano,MILANO,
20124,MILANOlano,MILANO,
20124,MILANOlano,MILANO,
20124,MILANOlano,MILANO,
20124,MILANOlano,MILANO,
20124,MILANOlano,MILANO,
20124,MILANOlano,MILANO,
20124,MILANOlano,MILANO,
20124,MILANOlano,MILANO,
20124,MILANOlano,MILANO,
20124,MILANOlano,MILANO,
20124,MILANOlano,MILANO,
20124,MILANOlano,MILANO,
20124,MILANOlano,MILANO,
20124,MILANOlano,MILANO,
20124,MILANOlano,MILANO,
20124,MILANOlano,MILANO,
20124,MILANOlano,MILANO,
20124,MILANOlano,MILANO,
20124,MILANOlano,MILANO,
20124,MILANOlano,MILANO,
20124,MILANOlano,MILANO,
20124,MILANOlano,MILANO,
20124,MILANOlano,MILANO,
20124,MILANOlano,MILANO,
20124,MILANOlano,MILANO,
20124,MILANOlano,MILANO,
20124,MILANOlano,MILANO,
20124,MILANOlano,MILANO,
20124,MILANOlano,MILANO,
20124,MILANOlano,MILANO,
20124,MILANOlano,MILANO,
20124,MILANOlano,MILANO,
20125,MILANOlano,MILANO,
20125,MILANOlano,MILANO,
20125,MILANOlano,MILANO,
20125,MILANOlano,MILANO,
20125,MILANOlano,MILANO,
20125,MILANOlano,MILANO,
20125,MILANOlano,MILANO,
20125,MILANOlano,MILANO,
20126,MILANOlano,MILANO,
20126,MILANOlano,MILANO,
20126,MILANOlano,MILANO,
20127,MILANOlano,MILANO,
20127,MILANOlano,MILANO,
20127,MILANOlano,MILANO,
20127,MILANOlano,MILANO,
20127,MILANOlano,MILANO,
20127,MILANOlano,MILANO,
20127,MILANOlano,MILANO,
20127,MILANOlano,MILANO,
20127,MILANOlano,MILANO,
20127,MILANOlano,MILANO,
20127,MILANOlano,MILANO,
20128,MILANOlano,MILANO,
20128,MILANOlano,MILANO,
20128,MILANOlano,MILANO,
20129,MILANOlano,MILANO,
20129,MILANOlano,MILANO,
20129,MILANOlano,MILANO,
20129,MILANOlano,MILANO,
20129,MILANOlano,MILANO,
20129,MILANOlano,MILANO,
20129,MILANOlano,MILANO,
20129,MILANOlano,MILANO,
20129,MILANOlano,MILANO,
20129,MILANOlano,MILANO,
20129,MILANOlano,MILANO,
20129,MILANOlano,MILANO,
20129,MILANOlano,MILANO,
20129,MILANOlano,MILANO,
20129,MILANOlano,MILANO,
20129,MILANOlano,MILANO,
20129,MILANOlano,MILANO,
20129,MILANOlano,MILANO,
20129,MILANOlano,MILANO,
20129,MILANOlano,MILANO,
20129,MILANOlano,MILANO,
20129,MILANOlano,MILANO,
20129,MILANOlano,MILANO,
20129,MILANOlano,MILANO,
20129,MILANOlano,MILANO,
20129,MILANOlano,MILANO,
20129,MILANOlano,MILANO,
20129,MILANOlano,MILANO,
20129,MILANOlano,MILANO,
20129,MILANOlano,MILANO,
20131,MILANOlano,MILANO,
20131,MILANOlano,MILANO,
20131,MILANOlano,MILANO,
20131,MILANOlano,MILANO,
20131,MILANOlano,MILANO,
20131,MILANOlano,MILANO,
20131,MILANOlano,MILANO,
20131,MILANOlano,MILANO,
20132,MILANOlano,MILANO,
20132,MILANOlano,MILANO,
20132,MILANOlano,MILANO,
20132,MILANOlano,MILANO,
20132,MILANOlano,MILANO,
20133,MILANOlano,MILANO,
20133,MILANOlano,MILANO,
20133,MILANOlano,MILANO,
20133,MILANOlano,MILANO,
20133,MILANOlano,MILANO,
20133,MILANOlano,MILANO,
20133,MILANOlano,MILANO,
20133,MILANOlano,MILANO,
20133,MILANOlano,MILANO,
20133,MILANOlano,MILANO,
20133,MILANOlano,MILANO,
20133,MILANOlano,MILANO,
20133,MILANOlano,MILANO,
20133,MILANOlano,MILANO,
20134,MILANOlano,MILANO,
20134,MILANOlano,MILANO,
20134,MILANOlano,MILANO,
20135,MILANOlano,MILANO,
20135,MILANOlano,MILANO,
20135,MILANOlano,MILANO,
20135,MILANOlano,MILANO,
20135,MILANOlano,MILANO,
20135,MILANOlano,MILANO,
20135,MILANOlano,MILANO,
20135,MILANOlano,MILANO,
20135,MILANOlano,MILANO,
20135,MILANOlano,MILANO,
20135,MILANOlano,MILANO,
20135,MILANOlano,MILANO,
20136,MILANOlano,MILANO,
20136,MILANOlano,MILANO,
20136,MILANOlano,MILANO,
20136,MILANOlano,MILANO,
20136,MILANOlano,MILANO,
20136,MILANOlano,MILANO,
20136,MILANOlano,MILANO,
20136,MILANOlano,MILANO,
20136,MILANOlano,MILANO,
20136,MILANOlano,MILANO,
20136,MILANOlano,MILANO,
20136,MILANOlano,MILANO,
20137,MILANOlano,MILANO,
20137,MILANOlano,MILANO,
20137,MILANOlano,MILANO,
20138,MILANOlano,MILANO,
20138,MILANOlano,MILANO,
20139,MILANOlano,MILANO,
20139,MILANOlano,MILANO,
20139,MILANOlano,MILANO,
20139,MILANOlano,MILANO,
20141,MILANOlano,MILANO,
20141,MILANOlano,MILANO,
20141,MILANOlano,MILANO,
20141,MILANOlano,MILANO,
20141,MILANOlano,MILANO,
20141,MILANOlano,MILANO,
20141,MILANOlano,MILANO,
20141,MILANOlano,MILANO,
20141,MILANOlano,MILANO,
20141,MILANOlano,MILANO,
20141,MILANOlano,MILANO,
20141,MILANOlano,MILANO,
20141,MILANOlano,MILANO,
20141,MILANOlano,MILANO,
20141,MILANOlano,MILANO,
20141,MILANOlano,MILANO,
20141,MILANOlano,MILANO,
20141,MILANOlano,MILANO,
20141,MILANOlano,MILANO,
20141,MILANOlano,MILANO,
20142,MILANOlano,MILANO,
20142,MILANOlano,MILANO,
20142,MILANOlano,MILANO,
20142,MILANOlano,MILANO,
20143,MILANOlano,MILANO,
20143,MILANOlano,MILANO,
20143,MILANOlano,MILANO,
20143,MILANOlano,MILANO,
20143,MILANOlano,MILANO,
20143,MILANOlano,MILANO,
20143,MILANOlano,MILANO,
20143,MILANOlano,MILANO,
20143,MILANOlano,MILANO,
20143,MILANOlano,MILANO,
20143,MILANOlano,MILANO,
20143,MILANOlano,MILANO,
20143,MILANOlano,MILANO,
20143,MILANOlano,MILANO,
20143,MILANOlano,MILANO,
20143,MILANOlano,MILANO,
20143,MILANOlano,MILANO,
20143,MILANOlano,MILANO,
20143,MILANOlano,MILANO,
20144,MILANOlano,MILANO,
20144,MILANOlano,MILANO,
20144,MILANOlano,MILANO,
20144,MILANOlano,MILANO,
20144,MILANOlano,MILANO,
20144,MILANOlano,MILANO,
20144,MILANOlano,MILANO,
20144,MILANOlano,MILANO,
20144,MILANOlano,MILANO,
20144,MILANOlano,MILANO,
20144,MILANOlano,MILANO,
20144,MILANOlano,MILANO,
20144,MILANOlano,MILANO,
20144,MILANOlano,MILANO,
20144,MILANOlano,MILANO,
20144,MILANOlano,MILANO,
20144,MILANOlano,MILANO,
20144,MILANOlano,MILANO,
20144,MILANOlano,MILANO,
20144,MILANOlano,MILANO,
20144,MILANOlano,MILANO,
20144,MILANOlano,MILANO,
20144,MILANOlano,MILANO,
20144,MILANOlano,MILANO,
20144,MILANOlano,MILANO,
20144,MILANOlano,MILANO,
20144,MILANOlano,MILANO,
20144,MILANOlano,MILANO,
20144,MILANOlano,MILANO,
20144,MILANOlano,MILANO,
20144,MILANOlano,MILANO,
20144,MILANOlano,MILANO,
20144,MILANOlano,MILANO,
20144,MILANOlano,MILANO,
20144,MILANOlano,MILANO,
20144,MILANOlano,MILANO,
20144,MILANOlano,MILANO,
20144,MILANOlano,MILANO,
20144,MILANOlano,MILANO,
20144,MILANOlano,MILANO,
20145,MILANOlano,MILANO,
20145,MILANOlano,MILANO,
20145,MILANOlano,MILANO,
20145,MILANOlano,MILANO,
20145,MILANOlano,MILANO,
20145,MILANOlano,MILANO,
20145,MILANOlano,MILANO,
20145,MILANOlano,MILANO,
20146,MILANOlano,MILANO,
20146,MILANOlano,MILANO,
20146,MILANOlano,MILANO,
20146,MILANOlano,MILANO,
20146,MILANOlano,MILANO,
20146,MILANOlano,MILANO,
20146,MILANOlano,MILANO,
20147,MILANOlano,MILANO,
20147,MILANOlano,MILANO,
20148,MILANOlano,MILANO,
20148,MILANOlano,MILANO,
20149,MILANOlano,MILANO,
20149,MILANOlano,MILANO,
20149,MILANOlano,MILANO,
20149,MILANOlano,MILANO,
20149,MILANOlano,MILANO,
20149,MILANOlano,MILANO,
20149,MILANOlano,MILANO,
20149,MILANOlano,MILANO,
20149,MILANOlano,MILANO,
20149,MILANOlano,MILANO,
20149,MILANOlano,MILANO,
20149,MILANOlano,MILANO,
20149,MILANOlano,MILANO,
20149,MILANOlano,MILANO,
20149,MILANOlano,MILANO,
20151,MILANOlano,MILANO,
20151,MILANOlano,MILANO,
20151,MILANOlano,MILANO,
20151,MILANOlano,MILANO,
20151,MILANOlano,MILANO,
20151,MILANOlano,MILANO,
20154,MILANOlano,MILANO,
20154,MILANOlano,MILANO,
20154,MILANOlano,MILANO,
20154,MILANOlano,MILANO,
20154,MILANOlano,MILANO,
20154,MILANOlano,MILANO,
20154,MILANOlano,MILANO,
20154,MILANOlano,MILANO,
20154,MILANOlano,MILANO,
20154,MILANOlano,MILANO,
20154,MILANOlano,MILANO,
20154,MILANOlano,MILANO,
20154,MILANOlano,MILANO,
20154,MILANOlano,MILANO,
20154,MILANOlano,MILANO,
20154,MILANOlano,MILANO,
20154,MILANOlano,MILANO,
20154,MILANOlano,MILANO,
20154,MILANOlano,MILANO,
20154,MILANOlano,MILANO,
20154,MILANOlano,MILANO,
20154,MILANOlano,MILANO,
20154,MILANOlano,MILANO,
20154,MILANOlano,MILANO,
20154,MILANOlano,MILANO,
20154,MILANOlano,MILANO,
20154,MILANOlano,MILANO,
20154,MILANOlano,MILANO,
20154,MILANOlano,MILANO,
20154,MILANOlano,MILANO,
20155,MILANOlano,MILANO,
20156,MILANOlano,MILANO,
20156,MILANOlano,MILANO,
20157,MILANOlano,MILANO,
20158,MILANOlano,MILANO,
20158,MILANOlano,MILANO,
20158,MILANOlano,MILANO,
20158,MILANOlano,MILANO,
20158,MILANOlano,MILANO,
20158,MILANOlano,MILANO,
20158,MILANOlano,MILANO,
20158,MILANOlano,MILANO,
20158,MILANOlano,MILANO,
20158,MILANOlano,MILANO,
20158,MILANOlano,MILANO,
20158,MILANOlano,MILANO,
20159,MILANOlano,MILANO,
20159,MILANOlano,MILANO,
20159,MILANOlano,MILANO,
20159,MILANOlano,MILANO,
20159,MILANOlano,MILANO,
20159,MILANOlano,MILANO,
20159,MILANOlano,MILANO,
20159,MILANOlano,MILANO,
20159,MILANOlano,MILANO,
20159,MILANOlano,MILANO,
20159,MILANOlano,MILANO,
20159,MILANOlano,MILANO,
20159,MILANOlano,MILANO,
20159,MILANOlano,MILANO,
20159,MILANOlano,MILANO,
20159,MILANOlano,MILANO,
20159,MILANOlano,MILANO,
20159,MILANOlano,MILANO,
20159,MILANOlano,MILANO,
20159,MILANOlano,MILANO,
20161,MILANOlano,MILANO,
20161,MILANOlano,MILANO,
24121,Bergamo,MILANO,
20144,Milano,MILANO,
20131 ,Milano,MILANO,
20021,Baranzate,MILANO,
20087,Robecco Sul Naviglio,MILANO,
20090,Fizzonasco di Pieve Emanuele,MILANO,
20090,Corsico,MILANO,
20092,Cinisello Balsamo,MILANO,
20098,San Giuliano MILANOlanese,MILANO,
20099,SesTORINO San Giovanni,MILANO,
20121,Milano,MILANO,
20123,Milano,MILANO,
20129,Milano,MILANO,
20135,Milano,MILANO,
20141,Milano,MILANO,
20141,Milano,MILANO,
20142,Milano,MILANO,
41012,Carpi,MODENA,
41012,Carpi,MODENA,
41012,Carpi,MODENA,
41012,Carpi,MODENA,
41012,Carpi,MODENA,
41012,Carpi,MODENA,
41012,LiMILANOdi,MODENA,
41012,Carpi,MODENA,
41012,Carpi,MODENA,
41031,CamposanTORINO,MODENA,
41043,Corlo di FoROMAigine,MODENA,
41051,Castelnuovo Rangone,MODENA,
41053,Maranello,MODENA,
41100,Modena,MODENA,
41100,Modena,MODENA,
41100,Modena,MODENA,
41100,Modena,MODENA,
41100,Modena,MODENA,
41100,Modena,MODENA,
41100,Modena,MODENA,
41100,Modena,MODENA,
41100,Modena,MODENA,
41122,Modena,MODENA,
41124,Modena,MODENA,
41124,Modena,MODENA,
41124,Modena,MODENA,
41126,Modena,MODENA,
41010,LiMILANOdi,MODENA,
41012,Carpi,MODENA,
41012,Carpi,MODENA,
41012,Carpi,MODENA,
41012,Carpi,MODENA,
41012,Carpi,MODENA,
41012,Carpi,MODENA,
41012,Carpi,MODENA,
41012,Carpi,MODENA,
41012,Carpi,MODENA,
41012,Carpi,MODENA,
41012,Carpi,MODENA,
41012,Modena,MODENA,
41012,Carpi,MODENA,
41012,Carpi,MODENA,
41012,Carpi,MODENA,
41012,Carpi,MODENA,
41012,Carpi,MODENA,
41012,Carpi,MODENA,
41012,Carpi,MODENA,
41016,RovereTORINO S/S,MODENA,
41019,LiMILANOdi di Soliera,MODENA,
41030,Bastiglia,MODENA,
41030,S.Prospero sul Secchia,MODENA,
41034,Finale Emilia,MODENA,
41037,MILANOrandola,MODENA,
41042,Fiorano Modenese,MODENA,
41042,Spezzano di Fiorano,MODENA,
41042,Spezzano di Fiorano,MODENA,
41042,Fiorano Modenese,MODENA,
41042,Fiorano Modenese,MODENA,
41049,Sassuolo,MODENA,
41049,Sassuolo,MODENA,
41049,Sassuolo,MODENA,
41049,Sassuolo,MODENA,
41049,Sassuolo,MODENA,
41051,Castelnuovo Rangone,MODENA,
41053,Maranello,MODENA,
41053,Maranello,MODENA,
41058,Vignola,MODENA,
41058,Vignola,MODENA,
41100,Modena,MODENA,
41100,Modena,MODENA,
41100,Modena,MODENA,
41100,Modena,MODENA,
41100,Modena,MODENA,
41100,Modena,MODENA,
41100,Modena,MODENA,
41121,Modena,MODENA,
41122,Modena,MODENA,
41122,Modena,MODENA,
41122,MODENA,MODENA,
41124,Modena,MODENA,
41124,Modena,MODENA,
41124,Modena,MODENA,
41126,Boggiovara,MODENA,
41100,Modena,MODENA,
20030,Seregno,MONZA,
20033,Desio,MONZA,
20034,Giussano,MONZA,
20034,Giussano,MONZA,
20034,Giussano,MONZA,
20035,Lissone,MONZA,
20038,Seregno,MONZA,
20040,Usmate Velate,MONZA,
20050,Lesmo,MONZA,
20052,Monza,MONZA,
20052,Monza,MONZA,
20052,Monza,MONZA,
20052,Monza,MONZA,
20052,Monza,MONZA,
20811,Cesano Maderno,MONZA,
20821,Meda,MONZA,
20833,Giussano,MONZA,
20873,Cavenago Brianza,MONZA,
20881,Bernareggio,MONZA,
20900,Monza,MONZA,
20900,Monza,MONZA,
20900,Monza,MONZA,
20900,Monza,MONZA,
20900,Monza,MONZA,
20900,Monza,MONZA,
20900,Monza,MONZA,
20900,Monza,MONZA,
20033,Desio,MONZA,
20853,Biassono,MONZA,
80010,Quarto,NAPOLI,
80011,Acerra,NAPOLI,
80013,Casalnuovo,NAPOLI,
80013,Casalnuovo,NAPOLI,
80014,Giugliano in Campania,NAPOLI,
80016,Marano di Napoli,NAPOLI,
80018,Mugnano di Napoli,NAPOLI,
80018,Mugnano di Napoli,NAPOLI,
80018,Mugnano di Napoli,NAPOLI,
80020,CasavaTORINOre,NAPOLI,
80021,Afragola,NAPOLI,
80022,Arzano,NAPOLI,
80022,Arzano,NAPOLI,
80023,Caivano,NAPOLI,
80024,CardiTORINO,NAPOLI,
80027,Frattamaggiore,NAPOLI,
80027,Frattamaggiore,NAPOLI,
80030,CiMILANOtile,NAPOLI,
80032,Casamarciano,NAPOLI,
80033,Cicciano,NAPOLI,
80035,Nola,NAPOLI,
80035,Nola,NAPOLI,
80035,Nola,NAPOLI,
80035,Nola,NAPOLI,
80035,Nola,NAPOLI,
80038,PoMILANOgliano d'Arco,NAPOLI,
80040,Terzigno,NAPOLI,
80040,San Sebastiano al Vesuvio,NAPOLI,
80040,Cercola,NAPOLI,
80040,Terzigno,NAPOLI,
80045,Pompei,NAPOLI,
80046,San Giorgio a Cremano,NAPOLI,
80046,San Giorgio a Cremano,NAPOLI,
80047,San Giuseppe Vesuviano,NAPOLI,
80047,San Giuseppe Vesuviano,NAPOLI,
80048,Sant'Anastasia,NAPOLI,
80049,Somma Vesuviana,NAPOLI,
80053,Castellammare di Stabia,NAPOLI,
80053,Castellammare di Stabia,NAPOLI,
80055,Portici,NAPOLI,
80055,Portici,NAPOLI,
80055,Portici,NAPOLI,
80057,S. AnTORINOnio Abate,NAPOLI,
80061,Sant'Agata - Massalubrense,NAPOLI,
80062,Meta,NAPOLI,
80063,Piano di SorrenTORINO,NAPOLI,
80065,Sant' Agnello,NAPOLI,
80067,SorrenTORINO,NAPOLI,
80069,Arola di Vico Equense,NAPOLI,
80070,Bacoli,NAPOLI,
80070,Barano d' Ischia,NAPOLI,
80070,Bacoli,NAPOLI,
80070,Bacoli,NAPOLI,
80073,Capri,NAPOLI,
80073,Capri,NAPOLI,
80073,Capri,NAPOLI,
80074,CasaMILANOcciola TeROMAe,NAPOLI,
80075,Forio d'Ischia,NAPOLI,
80077,Ischia,NAPOLI,
80078,Pozzuoli,NAPOLI,
80078,Pozzuoli,NAPOLI,
80078,Pozzuoli,NAPOLI,
80078,Pozzuoli,NAPOLI,
80078,Pozzuoli,NAPOLI,
80078,Pozzuoli,NAPOLI,
80078,Pozzuoli,NAPOLI,
80078,Pozzuoli,NAPOLI,
80078,Pozzuoli,NAPOLI,
80121,Napoli,NAPOLI,
80121,Napoli,NAPOLI,
80121,Napoli,NAPOLI,
80121,Napoli,NAPOLI,
80121,Napoli,NAPOLI,
80121,Napoli,NAPOLI,
80121,Napoli,NAPOLI,
80121,Napoli,NAPOLI,
80121,Napoli,NAPOLI,
80121,Napoli,NAPOLI,
80122,Napoli,NAPOLI,
80122,Napoli,NAPOLI,
80122,Napoli,NAPOLI,
80122,Napoli,NAPOLI,
80122,Napoli,NAPOLI,
80122,Napoli,NAPOLI,
80122,Napoli,NAPOLI,
80122,Napoli,NAPOLI,
80122,Napoli,NAPOLI,
80122,Napoli,NAPOLI,
80123,Napoli,NAPOLI,
80123,Napoli,NAPOLI,
80123,Napoli,NAPOLI,
80123,Napoli,NAPOLI,
80124,Napoli,NAPOLI,
80124,Napoli,NAPOLI,
80125,Napoli,NAPOLI,
80125,Napoli,NAPOLI,
80125,Napoli,NAPOLI,
80126,Napoli,NAPOLI,
80126,Napoli,NAPOLI,
80126,Napoli,NAPOLI,
80126,Napoli,NAPOLI,
80127,Napoli,NAPOLI,
80127,Napoli,NAPOLI,
80127,Napoli,NAPOLI,
80127,Napoli,NAPOLI,
80127,Napoli,NAPOLI,
80127,Napoli,NAPOLI,
80128,Napoli,NAPOLI,
80128,Napoli,NAPOLI,
80128,Napoli,NAPOLI,
80128,Napoli,NAPOLI,
80128,Napoli,NAPOLI,
80128,Napoli,NAPOLI,
80128,Napoli,NAPOLI,
80128,Napoli,NAPOLI,
80129,Napoli,NAPOLI,
80129,Napoli,NAPOLI,
80129,Napoli,NAPOLI,
80129,Napoli,NAPOLI,
80131,Napoli,NAPOLI,
80131,Napoli,NAPOLI,
80131,Napoli,NAPOLI,
80131,Napoli,NAPOLI,
80131,Napoli,NAPOLI,
80131,Napoli,NAPOLI,
80131,Napoli,NAPOLI,
80132,Napoli,NAPOLI,
80132,Napoli,NAPOLI,
80132,Napoli,NAPOLI,
80132,Napoli,NAPOLI,
80132,Napoli,NAPOLI,
80132,Napoli,NAPOLI,
80133,Napoli,NAPOLI,
80133,Napoli,NAPOLI,
80133,Napoli,NAPOLI,
80133,Napoli,NAPOLI,
80133,Napoli,NAPOLI,
80133,Napoli,NAPOLI,
80134,Napoli,NAPOLI,
80134,Napoli,NAPOLI,
80134,Napoli,NAPOLI,
80134,Napoli,NAPOLI,
80134,Napoli,NAPOLI,
80134,Napoli,NAPOLI,
80135,Napoli,NAPOLI,
80135,Napoli,NAPOLI,
80135,Napoli,NAPOLI,
80135,Napoli,NAPOLI,
80137,Napoli,NAPOLI,
80137,Napoli,NAPOLI,
80138,Napoli,NAPOLI,
80138,Napoli,NAPOLI,
80138,Napoli,NAPOLI,
80141,Napoli,NAPOLI,
80143,Napoli,NAPOLI,
80143,Napoli,NAPOLI,
80143,Napoli,NAPOLI,
80143,Napoli,NAPOLI,
80143,Napoli,NAPOLI,
80143,Napoli,NAPOLI,
80143,Napoli,NAPOLI,
80144,Napoli,NAPOLI,
80145,Napoli,NAPOLI,
80146,Napoli,NAPOLI,
80146,Napoli,NAPOLI,
80146,Napoli,NAPOLI,
80146,Napoli,NAPOLI,
80147,Napoli,NAPOLI,
80147,Napoli,NAPOLI,
80147,Napoli,NAPOLI,
80147,Napoli,NAPOLI,
84015,Nocera Superiore,NAPOLI,
80013,Casalnuovo di Napoli,NAPOLI,
80013,Casalnuovo,NAPOLI,
80017,Melito di Napoli,NAPOLI,
80022,Arzano,NAPOLI,
80023,Caivano,NAPOLI,
80025,Casandrino,NAPOLI,
80026,Casoria,NAPOLI,
80028,Grumo Nevano,NAPOLI,
80029,Sant Antimo,NAPOLI,
80034,Marigliano,NAPOLI,
80034,Mariglianella,NAPOLI,
80035,Nola,NAPOLI,
80035,Nola,NAPOLI,
80035,Nola,NAPOLI,
80035,Nola,NAPOLI,
80035,Nola,NAPOLI,
80035,Nola,NAPOLI,
80035,Nola,NAPOLI,
80035,Nola,NAPOLI,
80035,Nola,NAPOLI,
80040,San Sebastiano al Vesuvio,NAPOLI,
80040,San GEnnaro Vesuviano,NAPOLI,
80045,Pompei,NAPOLI,
80047,San Giuseppe Vesuviano,NAPOLI,
80053,Castellammare di Stabia,NAPOLI,
80054,Gragnano,NAPOLI,
80054,Gragnano,NAPOLI,
80054,Gragnano,NAPOLI,
80055,Portici,NAPOLI,
80056,Ercolano,NAPOLI,
80063,Piano di Sorrento,NAPOLI,
80069,Vico Equense,NAPOLI,
80073,Capri,NAPOLI,
80078,Pozzuoli,NAPOLI,
80121,Napoli,NAPOLI,
80121,Napoli,NAPOLI,
80121,Napoli,NAPOLI,
80121,Napoli,NAPOLI,
80121,Napoli,NAPOLI,
80121,Napoli,NAPOLI,
80121,Napoli,NAPOLI,
80121,Napoli,NAPOLI,
80122,Napoli,NAPOLI,
80122,Napoli,NAPOLI,
80127,Napoli,NAPOLI,
80127,Napoli,NAPOLI,
80132,Napoli,NAPOLI,
80132,Napoli,NAPOLI,
80132,Napoli,NAPOLI,
80134,Napoli,NAPOLI,
80138,Napoli,NAPOLI,
80138,Napoli,NAPOLI,
80141,Napoli,NAPOLI,
80143,Napoli,NAPOLI,
80146,Napoli,NAPOLI,
80146,Napoli,NAPOLI,
80147,Napoli,NAPOLI,
80147,Napoli,NAPOLI,
28010,Caltignaga,NOVARA,
28021,Borgomanero,NOVARA,
28041,Arona,NOVARA,
28041,Arona,NOVARA,
28047,Oleggio,NOVARA,
28065,Cerano,NOVARA,
28078,Romagnano Sesia,NOVARA,
28100,Novara,NOVARA,
28100,Novara,NOVARA,
28100,Novara,NOVARA,
28100,Novara,NOVARA,
28100,Novara,NOVARA,
28100,Novara,NOVARA,
28021,Boca,NOVARA,
08015,Macomer,NUORO,
08100,Nuoro,NUORO,
08100,NUORO,NUORO,
07026,Olbia,OLBIA-TEMPIO PAUSANIA,
07026,Olbia,OLBIA-TEMPIO PAUSANIA,
07030,Badesi,OLBIA-TEMPIO PAUSANIA,
09170,Oristano,ORISTANO,
09170,Oristano,ORISTANO,
09170,Oristano,ORISTANO,
09170,Oristano,ORISTANO,
09170,Oristano,ORISTANO,
09074,GHILARZA,ORISTANO,
35010,Borgoricco,PADOVA,
35010,Loreggia,PADOVA,
35010,Vigonza,PADOVA,
35010,Vigonza,PADOVA,
35011,Campodarsego,PADOVA,
35013,Cittadella,PADOVA,
35013,Cittadella,PADOVA,
35020,Albignasego,PADOVA,
35027,Noventa Padovana,PADOVA,
35028,Piove Di Sacco,PADOVA,
35028,Piove di Sacco,PADOVA,
35030,Cervarese Santa Croce,PADOVA,
35043,Monselice,PADOVA,
35121,Padova,PADOVA,
35124,Padova,PADOVA,
35124,Padova,PADOVA,
35127,Padova,PADOVA,
35128,Padova,PADOVA,
35129,Padova,PADOVA,
35129,Padova,PADOVA,
35129,Padova,PADOVA,
35133,Padova,PADOVA,
35136,Padova,PADOVA,
36061,TORINOmbolo,PADOVA,
35010,Santa Giustina in Colle,PADOVA,
35010,PADOVA,PADOVA,
35011,Campodarsego,PADOVA,
35020,Ponte San Nicolò,PADOVA,
35127,Padova,PADOVA,
35129,Padova,PADOVA,
35129,Padova,PADOVA,
35129,Padova,PADOVA,
35129,Padova,PADOVA,
35129,Padova,PADOVA,
35135,Padova,PADOVA,
35139,Padova,PADOVA,
35142,Padova,PADOVA,
90013,Castelbuono,PALERMO,
90037,Piana degli Albanesi,PALERMO,
90044,Carini,PALERMO,
90138,Palermo,PALERMO,
90139,Palermo,PALERMO,
90139,Palermo,PALERMO,
90139,Palermo,PALERMO,
90141,Palermo,PALERMO,
90141,Palermo,PALERMO,
90141,Palermo,PALERMO,
90141,Palermo,PALERMO,
90141,Palermo,PALERMO,
90141,Palermo,PALERMO,
90143,Palermo,PALERMO,
90143,Palermo,PALERMO,
90143,Palermo,PALERMO,
90143,Palermo,PALERMO,
90143,Palermo,PALERMO,
90144,Palermo,PALERMO,
90145,Palermo,PALERMO,
90145,Palermo,PALERMO,
90145,Palermo,PALERMO,
90146,Palermo,PALERMO,
90146,Palermo,PALERMO,
90146,Palermo,PALERMO,
90149,Palermo,PALERMO,
90129,Palermo,PALERMO,
90139,Palermo,PALERMO,
90141,Palermo,PALERMO,
90144,Palermo,PALERMO,
43010,Corcagnano,PARMA,
43015,Noceto,PARMA,
43018,Sissa Trecasali,PARMA,
43029,Parma,PARMA,
43029,Traversetolo,PARMA,
43030,Terenzo-Parma,PARMA,
43036,Fidenza,PARMA,
43044,Gaiano,PARMA,
43052,Colorno,PARMA,
43100,Parma,PARMA,
43100,Parma,PARMA,
43100,Parma,PARMA,
43100,Parma,PARMA,
43100,Parma,PARMA,
43100,Colorno,PARMA,
43100,Parma,PARMA,
43100,Parma,PARMA,
43121,Parma,PARMA,
43122,Parma,PARMA,
43122,Parma,PARMA,
43125,Parma,PARMA,
43126,Parma,PARMA,
43126,Parma,PARMA,
43126,Parma,PARMA,
43126,Parma,PARMA,
43121 ,Parma,PARMA,
43030,Basilicanova,PARMA,
43038,Sala Baganza,PARMA,
43055,Casali di Mezzani,PARMA,
43055,MEZZANI SUPERIORE,PARMA,
43100,Parma,PARMA,
43100,Parma,PARMA,
43100,Parma,PARMA,
43100,Roncopascolo,PARMA,
43100,Parma,PARMA,
43100,Parma,PARMA,
43100,Parma,PARMA,
43100,Parma,PARMA,
43100,Parma,PARMA,
43100,Parma,PARMA,
43100,Parma,PARMA,
43100,Parma,PARMA,
43100,Parma,PARMA,
43100,Parma,PARMA,
43100,Parma,PARMA,
43122,Parma,PARMA,
43122,Parma,PARMA,
43123,Parma,PARMA,
43123,Parma,PARMA,
43125,Parma,PARMA,
43126,Parma,PARMA,
27010,Borgarello,PAVIA,
27024,ViGENOVAvano,PAVIA,
27045,Casteggio,PAVIA,
27058,Voghera,PAVIA,
06012,Cerbara,PERUGIA,
06012,Città di Castello,PERUGIA,
06014,Santa Maria di Sette (MonTORINOne),PERUGIA,
06024,Gubbio,PERUGIA,
06024,Gubbio,PERUGIA,
06024,Gubbio,PERUGIA,
06024,Gubbio,PERUGIA,
06029,Valfabbrica,PERUGIA,
06034,Foligno,PERUGIA,
06034,Foligno,PERUGIA,
06034,Foligno,PERUGIA,
06049,SpoleTORINO,PERUGIA,
06055,Marsciano,PERUGIA,
06059,TORINOdi,PERUGIA,
06059,TORINOdi,PERUGIA,
06060,AGENOVAllo,PERUGIA,
06073,Ellera di Corciano,PERUGIA,
06074,Ellera,PERUGIA,
06075,Mantignana,PERUGIA,
06081,S.Maria degli AnGENOVAli (Assisi),PERUGIA,
06081,Assisi,PERUGIA,
06081,Petrignano di Assisi,PERUGIA,
06081,S.Maria degli anGENOVAli,PERUGIA,
06083,Bastia Umbra,PERUGIA,
06083,Bastia,PERUGIA,
06087,Perugia (Ponte San Giovanni),PERUGIA,
06089,TORINOrgiano,PERUGIA,
06121,Perugia,PERUGIA,
06122,Perugia,PERUGIA,
06123,Perugia,PERUGIA,
06123,Perugia,PERUGIA,
06124,Perugia,PERUGIA,
06124,Perugia,PERUGIA,
06124,Perugia,PERUGIA,
06125,Perugia,PERUGIA,
06126,Perugia,PERUGIA,
06126,Perugia,PERUGIA,
06127,Perugia,PERUGIA,
06127,Perugia,PERUGIA,
06129,Perugia,PERUGIA,
06132,Perugia,PERUGIA,
06132,Perugia,PERUGIA,
06132,Perugia (loc.S.Andrea delle fratte),PERUGIA,
06132,Perugia,PERUGIA,
06132,Perugia (loc.Sant'Andrea delle Fratte).,PERUGIA,
06132,S. Andrea delle Fratte,PERUGIA,
06134,Perugia (loc.Ponte Felcino),PERUGIA,
06134,Ponte San Giovanni - Perugia,PERUGIA,
06134,Perugia (loc.Ponte Felcino),PERUGIA,
06135,Perugia (loc.Ponte San Giovanni),PERUGIA,
06134,Perugia,PERUGIA,
06012,CITTA' DI CASTELLO,PERUGIA,
06012,CITTA' DI CASTELLO,PERUGIA,
06012,CITTA' DI CASTELLO,PERUGIA,
06088,S.Maria degli AnGENOVAli- Assisi,PERUGIA,
06121,Perugia,PERUGIA,
06124,Perugia,PERUGIA,
06128,PERUGIA,PERUGIA,
06135,Perugia (loc.Ponte San Giovanni),PERUGIA,
61028,Caprazzino di Sassocorvaro,PESARO,
61029,Urbino,PESARO,
61032,Bellocchi,PESARO,
61032,Fano,PESARO,
61032,Fano,PESARO,
61032,Fano,PESARO,
61034,Fossombrone,PESARO,
61037,Mondolfo,PESARO,
61040,Monteporzio,PESARO,
61100,Pesaro,PESARO,
61100,Pesaro,PESARO,
61100,Pesaro,PESARO,
61100,Pesaro,PESARO,
61121,Pesaro,PESARO,
61122,Pesaro,PESARO,
61122,Pesaro (loc Borgo S.Maria),PESARO,
61122,Pesaro,PESARO,
61122,Pesaro,PESARO,
61122,Pesaro,PESARO,
61122,Pesaro,PESARO,
61010,TAVULLIA,PESARO,
61025,Montelabbate,PESARO,
61100,PESARO,PESARO,
61122,Pesaro,PESARO,
65121,Pescara,PESCARA,
65122,Pescara,PESCARA,
65122,Pescara,PESCARA,
65122,Pescara,PESCARA,
65123,Pescara,PESCARA,
65125,Pescara,PESCARA,
65126,Pescara,PESCARA,
65127,Pescara,PESCARA,
65127,Pescara,PESCARA,
65128,Pescara,PESCARA,
65128,Pescara,PESCARA,
29010,Bacedasco Basso - Vernasca,PIACENZA,
29010,Ziano Piacentino,PIACENZA,
29017,Fiorenzuola d'Arda,PIACENZA,
29100,Piacenza,PIACENZA,
29100,Pontenure,PIACENZA,
29100,Piacenza,PIACENZA,
29100,Piacenza,PIACENZA,
29100,Piacenza,PIACENZA,
29100,Piacenza,PIACENZA,
29121,Piacenza,PIACENZA,
29121,Piacenza,PIACENZA,
29121,Piacenza,PIACENZA,
29121,Piacenza,PIACENZA,
29121,Piacenza,PIACENZA,
29121,Piacenza,PIACENZA,
29121,Piacenza,PIACENZA,
29121,Piacenza,PIACENZA,
29121,Piacenza,PIACENZA,
29121,Piacenza,PIACENZA,
29122,Piacenza,PIACENZA,
56010,S.Giuliano TeROMAe,PISA,
56020,S.Maria a Monte,PISA,
56025,Pontedera,PISA,
56031,Bientina,PISA,
56037,Peccioli,PISA,
56038,Ponsacco,PISA,
56121,Pisa,PISA,
56124,Pisa,PISA,
56126,Pisa,PISA,
56012,Fornacette,PISA,
56022,CASTELFRANCO DI SOTTORINO,PISA,
56025,PONTEDERA,PISA,
56025,PONTEDERA,PISA,
56025,La Rotta-Pontedera,PISA,
56030,Forcoli,PISA,
56035,Perignano,PISA,
56121,OSPEDALETTORINO PISA,PISA,
51011,Borgo a Buggiano,PISTOIA,
51016,Montecatini TeROMAe,PISTOIA,
51034,Casalguidi,PISTOIA,
51100,PisTORINOia,PISTOIA,
51100,PisTORINOia,PISTOIA,
51100,pISTORINOIA,PISTOIA,
51100,PisTORINOia,PISTOIA,
51100,PisTORINOia,PISTOIA,
51100,PisTORINOia,PISTOIA,
51010,Uzzano,PISTOIA,
51013,Chiesina Uzzanese,PISTOIA,
51013,Chiesina Uzzanese,PISTOIA,
51015,CINTORINOLESE-MONSUMMANO TERME,PISTOIA,
51015,Monsummano Terme,PISTOIA,
51015,Monsummano Terme,PISTOIA,
51015,Monsummano Terme,PISTOIA,
51015,Monsummano Terme,PISTOIA,
51016,Montecatini Teme,PISTOIA,
51018,Pieve a Nievole 18,PISTOIA,
51018,Pieve a Nievole,PISTOIA,
51018,Pieve a Nievole,PISTOIA,
51018,Pieve a Nievole,PISTOIA,
51018,Pieve a Nievole,PISTOIA,
51030,SERRAVALLE PISTOIESE,PISTOIA,
51030,Cintolese,PISTOIA,
51031,Agliana,PISTOIA,
51031,Agliana,PISTOIA,
51031,Agliana,PISTOIA,
51031,Agliana,PISTOIA,
51031,Agliana,PISTOIA,
51035,Lamporecchio,PISTOIA,
51039,Quarrata,PISTOIA,
51100,Bonelle,PISTOIA,
51100,Bottegone,PISTOIA,
51100,PisTORINOia,PISTOIA,
51100,PisTORINOia,PISTOIA,
51100,Pistoia,PISTOIA,
33074,Ranzano di Fontanafredda,PORDENONE,
33074,Fontanafredda,PORDENONE,
33077,Sacile,PORDENONE,
33078,Prodolone,PORDENONE,
33080,S. Quirino,PORDENONE,
33080,Fiume VeneTORINO,PORDENONE,
33080,Fiume VeneTORINO,PORDENONE,
33084,Cordenons,PORDENONE,
33085,Maniago,PORDENONE,
33170,Pordenone,PORDENONE,
33170,Pordenone,PORDENONE,
33170,Pordenone,PORDENONE,
33170,Pordenone,PORDENONE,
33170,Pordenone,PORDENONE,
33070,Maron di Brugnera,PORDENONE,
33077,SACILE,PORDENONE,
33170,Pordenone,PORDENONE,
85022,BARILE,POTENZA,
85025,MELFI,POTENZA,
85100,POTENZA,POTENZA,
85100,POTENZA,POTENZA,
85100,Potenza,POTENZA,
85100,POTENZA,POTENZA,
85050,TITO,POTENZA,
85100,POTENZA,POTENZA,
85100,POTENZA,POTENZA,
85100,POTENZA,POTENZA,
59015,LOc. Poggio alla Malva Carmignano,PRATO,
59100,Prato,PRATO,
59100,Prato,PRATO,
59100,PO,PRATO,
59100,Prato,PRATO,
59100,Prato,PRATO,
59100,Prato,PRATO,
59100,Prato,PRATO,
59013,Oste Montemurlo,PRATO,
59013,Oste di Montemurlo,PRATO,
59015,Comeana,PRATO,
59016,Poggio a Caiano,PRATO,
59100,Prato,PRATO,
59100,Prato,PRATO,
59100,Prato,PRATO,
59100,Prato,PRATO,
59100,Prato,PRATO,
59100,Prato,PRATO,
59100,Prato,PRATO,
59100,Prato,PRATO,
59100,Prato,PRATO,
59100,Prato,PRATO,
59100,Prato,PRATO,
59100,Prato,PRATO,
59100,Prato,PRATO,
59100,Prato,PRATO,
CAP,Località,Prov,
97015,Modica,RAGUSA,
97015,Modica,RAGUSA,
97015,Modica,RAGUSA,
97100,Ragusa,RAGUSA,
97100,Ragusa,RAGUSA,
97100,Ragusa,RAGUSA,
97015,Modica,RAGUSA,
48015,CERVIA,RAVENNA,
48018,Faenza,RAVENNA,
48018,Faenza,RAVENNA,
48018,Faenza,RAVENNA,
48018,Faenza,RAVENNA,
48018,Faenza,RAVENNA,
48018,Faenza,RAVENNA,
48018,Faenza,RAVENNA,
48018,Faenza,RAVENNA,
48022,Lugo di Romagna,RAVENNA,
48022,Lugo,RAVENNA,
48025,Alfonsine,RAVENNA,
48100,Ravenna,RAVENNA,
48100,Classe,RAVENNA,
48121,ravenna,RAVENNA,
48123,Ravenna,RAVENNA,
48124,Ravenna,RAVENNA,
48161,Ravenna,RAVENNA,
40122,Ravenna,RAVENNA,
89015,PALMI,REGGIO CALABRIA,
89048,Siderno,REGGIO CALABRIA,
42013,Casalgrande,REGGIO EMILIA,
42015,Correggio,REGGIO EMILIA,
42016,Guastalla,REGGIO EMILIA,
42022,Boretto,REGGIO EMILIA,
42026,Villanonova di Reggiolo,REGGIO EMILIA,
42029,Villa Argine di Cadelbosco di Sopra,REGGIO EMILIA,
42044,Gualtieri,REGGIO EMILIA,
42100,Reggio Emilia,REGGIO EMILIA,
42100,Reggio Emilia,REGGIO EMILIA,
42122,Reggio Emilia,REGGIO EMILIA,
42122,Reggio Emilia,REGGIO EMILIA,
42124,Reggio Emilia,REGGIO EMILIA,
42010,Rio SaliceTORINO,REGGIO EMILIA,
42010,Rio SaliceTORINO,REGGIO EMILIA,
42013,Sant'AnTORINOndio di Casalgrande,REGGIO EMILIA,
42013,Sant'AnTORINOnino di Casalgrande,REGGIO EMILIA,
42013,Casalgrande,REGGIO EMILIA,
42013,Dinazzano di Casalgrande,REGGIO EMILIA,
42017,Novellara,REGGIO EMILIA,
42041,Brescello,REGGIO EMILIA,
42100,Reggio Emilia,REGGIO EMILIA,
42100,Reggio Emilia,REGGIO EMILIA,
42100,Reggio Emilia,REGGIO EMILIA,
42100,Reggio Emilia,REGGIO EMILIA,
42100,Reggio Emilia,REGGIO EMILIA,
42100,Reggio Emilia,REGGIO EMILIA,
42100,Reggio Emilia,REGGIO EMILIA,
42100,Reggio Emilia,REGGIO EMILIA,
42100,Reggio Emilia,REGGIO EMILIA,
42121,Reggio Emilia,REGGIO EMILIA,
42121,Reggio Emilia,REGGIO EMILIA,
42121,Reggio Emilia,REGGIO EMILIA,
42121,Reggio Emilia,REGGIO EMILIA,
42121,Reggio Emilia,REGGIO EMILIA,
42124,Reggio Emilia,REGGIO EMILIA,
42124,Reggio Emilia,REGGIO EMILIA,
42124,Reggio Emilia,REGGIO EMILIA,
42124,Reggio Emilia,REGGIO EMILIA,
42124,Reggio Emilia,REGGIO EMILIA,
47891,Falciano,REPUBBLICA DI SAN MARINO,
47891,FALCIANO - Repubblica di San Marino,REPUBBLICA DI SAN MARINO,
47891,Dogana,REPUBBLICA DI SAN MARINO,
47893,Borgo Maggiore,REPUBBLICA DI SAN MARINO,
47895,Domagnano,REPUBBLICA DI SAN MARINO,
47896,Faetano,REPUBBLICA DI SAN MARINO,
47899,SERRAVALLE,REPUBBLICA DI SAN MARINO,
47894,Chiesanuova,REPUBBLICA DI SAN MARINO,
47814,Bellaria,RIMINI,
47826,Verucchio,RIMINI,
47838,Riccione,RIMINI,
47842,S.Giovanni in Marignano,RIMINI,
47900,Rimini,RIMINI,
47900,Rimini,RIMINI,
47900,Rimini,RIMINI,
47900,Rimini,RIMINI,
47900,Rimini,RIMINI,
47921,Rimini,RIMINI,
47921,Rimini,RIMINI,
47921,Rimini,RIMINI,
47921,Rimini,RIMINI,
47921,Rimini,RIMINI,
47922,Rimini,RIMINI,
47923,Rimini,RIMINI,
47923,Rimini,RIMINI,
47923,Rimini,RIMINI,
47924,Rimini,RIMINI,
61012,Gradara,RIMINI,
00195,ROMA,ROMA,
00012,GUIDONIA MONTECELIO,ROMA,
00012,GUIDONIA,ROMA,
00013,TORINOR LUPARA,ROMA,
00015,MONTEROTORINONDO,ROMA,
00036,PALESTRINA,ROMA,
00040,POMEZIA,ROMA,
00040,ARDEA,ROMA,
00041,ALBANO LAZIALE,ROMA,
00045,GENOVANZANO DI ROMA,ROMA,
00047,MARINO,ROMA,
00049,VELLETRI,ROMA,
00050,ARANOVA,ROMA,
00054,FIUMILANOCINO,ROMA,
00060,CASTELNUOVO DI PORTORINO,ROMA,
00060,FOROMAELLO,ROMA,
00060,FOROMAELLO,ROMA,
00100,ROMA,ROMA,
00118,ROMA,ROMA,
00118,MORENA,ROMA,
00119,ROMA,ROMA,
00121,OSTIA LIDO,ROMA,
00123,roma,ROMA,
00125,ACILIA,ROMA,
00125,ROMA,ROMA,
00128,ROMA,ROMA,
00131,ROMA,ROMA,
00134,ROMA,ROMA,
00135,ROMA,ROMA,
00135,ROMA,ROMA,
00135,ROMA,ROMA,
00136,ROMA,ROMA,
00136,ROMA,ROMA,
00136,ROMA,ROMA,
00137,ROMA,ROMA,
00137,ROMA,ROMA,
00137,ROMA,ROMA,
00137,ROMA,ROMA,
00137,ROMA,ROMA,
00137,ROMA,ROMA,
00139,ROMA,ROMA,
00141,ROMA,ROMA,
00141,ROMA,ROMA,
00142,ROMA,ROMA,
00143,ROMA,ROMA,
00143,ROMA,ROMA,
00143,ROMA,ROMA,
00143,ROMA,ROMA,
00143,ROMA,ROMA,
00144,ROMA,ROMA,
00144,ROMA,ROMA,
00144,ROMA,ROMA,
00144,ROMA,ROMA,
00144,ROMA,ROMA,
00144,ROMA,ROMA,
00144,ROMA,ROMA,
00144,ROMA,ROMA,
00144,ROMA,ROMA,
00144,ROMA,ROMA,
00145,ROMA,ROMA,
00145,ROMA,ROMA,
00145,ROMA,ROMA,
00146,ROMA,ROMA,
00146,ROMA,ROMA,
00146,ROMA,ROMA,
00146,ROMA,ROMA,
00146,ROMA,ROMA,
00147,ROMA,ROMA,
00147,ROMA,ROMA,
00147,ROMA,ROMA,
00147,ROMA,ROMA,
00148,ROMA,ROMA,
00148,ROMA,ROMA,
00149,ROMA,ROMA,
00149,ROMA,ROMA,
00149,ROMA,ROMA,
00149,ROMA,ROMA,
00149,ROMA,ROMA,
00152,ROMA,ROMA,
00152,ROMA,ROMA,
00152,ROMA,ROMA,
00152,ROMA,ROMA,
00152,ROMA,ROMA,
00152,ROMA,ROMA,
00152,ROMA,ROMA,
00152,ROMA,ROMA,
00152,ROMA,ROMA,
00152,ROMA,ROMA,
00152,ROMA,ROMA,
00152,ROMA,ROMA,
00152,ROMA,ROMA,
00152,ROMA,ROMA,
00153,ROMA,ROMA,
00153,ROMA,ROMA,
00153,ROMA,ROMA,
00153,ROMA,ROMA,
00153,ROMA,ROMA,
00153,ROMA,ROMA,
00153,ROMA,ROMA,
00153,ROMA,ROMA,
00153,ROMA,ROMA,
00153,ROMA,ROMA,
00153,ROMA,ROMA,
00154,ROMA,ROMA,
00154,ROMA,ROMA,
00154,ROMA,ROMA,
00154,ROMA,ROMA,
00154,ROMA,ROMA,
00154,ROMA,ROMA,
00154,ROMA,ROMA,
00156,ROMA,ROMA,
00156,ROMA,ROMA,
00156,ROMA,ROMA,
00157,ROMA,ROMA,
00157,ROMA,ROMA,
00157,ROMA,ROMA,
00159,ROMA,ROMA,
00159,ROMA,ROMA,
00161,ROMA,ROMA,
00161,ROMA,ROMA,
00161,ROMA,ROMA,
00162,ROMA,ROMA,
00162,ROMA,ROMA,
00162,ROMA,ROMA,
00162,ROMA,ROMA,
00162,ROMA,ROMA,
00162,ROMA,ROMA,
00162,ROMA,ROMA,
00162,ROMA,ROMA,
00163,ROMA,ROMA,
00164,ROMA,ROMA,
00165,ROMA,ROMA,
00165,ROMA,ROMA,
00165,ROMA,ROMA,
00165,ROMA,ROMA,
00165,ROMA,ROMA,
00165,ROMA,ROMA,
00166,ROMA,ROMA,
00167,ROMA,ROMA,
00168,ROMA,ROMA,
00169,ROMA,ROMA,
00171,ROMA,ROMA,
00172,ROMA,ROMA,
00173,ROMA,ROMA,
00173,ROMA,ROMA,
00176,ROMA,ROMA,
00176,ROMA,ROMA,
00176,ROMA,ROMA,
00177,ROMA,ROMA,
00178,ROMA,ROMA,
00179,ROMA,ROMA,
00181,ROMA,ROMA,
00181,ROMA,ROMA,
00181,ROMA,ROMA,
00181,ROMA,ROMA,
00182,ROMA,ROMA,
00182,ROMA,ROMA,
00182,ROMA,ROMA,
00182,ROMA,ROMA,
00182,ROMA,ROMA,
00182,ROMA,ROMA,
00183,ROMA,ROMA,
00183,ROMA,ROMA,
00183,ROMA,ROMA,
00183,ROMA,ROMA,
00183,FOROMAELLO,ROMA,
00184,ROMA,ROMA,
00184,ROMA,ROMA,
00185,ROMA,ROMA,
00185,Roma,ROMA,
00185,ROMA,ROMA,
00186,ROMA,ROMA,
00186,ROMA,ROMA,
00186,ROMA,ROMA,
00186,ROMA,ROMA,
00186,ROMA,ROMA,
00186,ROMA,ROMA,
00186,ROMA,ROMA,
00186,Roma,ROMA,
00186,ROMA,ROMA,
00186,ROMA,ROMA,
00186,ROMA,ROMA,
00186,ROMA,ROMA,
00186,ROMA,ROMA,
00187,ROMA,ROMA,
00187,ROMA,ROMA,
00187,ROMA,ROMA,
00187,ROMA,ROMA,
00187,ROMA,ROMA,
00187,ROMA,ROMA,
00187,ROMA,ROMA,
00187,ROMA,ROMA,
00187,ROMA,ROMA,
00189,ROMA,ROMA,
00189,Roma,ROMA,
00189,ROMA,ROMA,
00191,ROMA,ROMA,
00191,ROMA,ROMA,
00191,ROMA,ROMA,
00191,ROMA,ROMA,
00191,ROMA,ROMA,
00191,ROMA,ROMA,
00191,ROMA,ROMA,
00192,ROMA,ROMA,
00192,ROMA,ROMA,
00192,ROMA,ROMA,
00192,Roma,ROMA,
00192,ROMA,ROMA,
00192,ROMA,ROMA,
00192,ROMA,ROMA,
00193,ROMA,ROMA,
00193,ROMA,ROMA,
00193,ROMA,ROMA,
00194,ROMA,ROMA,
00195,ROMA,ROMA,
00195,ROMA,ROMA,
00195,ROMA,ROMA,
00195,ROMA,ROMA,
00195,ROMA,ROMA,
00195,ROMA,ROMA,
00195,ROMA,ROMA,
00195,ROMA,ROMA,
00195,ROMA,ROMA,
00195,ROMA,ROMA,
00195,ROMA,ROMA,
00195,ROMA,ROMA,
00196,ROMA,ROMA,
00196,ROMA,ROMA,
00196,ROMA,ROMA,
00196,ROMA,ROMA,
00196,ROMA,ROMA,
00197,ROMA,ROMA,
00197,ROMA,ROMA,
00197,ROMA,ROMA,
00197,ROMA,ROMA,
00197,ROMA,ROMA,
00197,ROMA,ROMA,
00197,ROMA,ROMA,
00197,ROMA,ROMA,
00198,ROMA,ROMA,
00198,ROMA,ROMA,
00198,ROMA,ROMA,
00198,ROMA,ROMA,
00198,ROMA,ROMA,
00198,ROMA,ROMA,
00198,ROMA,ROMA,
00198,ROMA,ROMA,
00198,ROMA,ROMA,
00198,ROMA,ROMA,
00198,ROMA,ROMA,
00198,ROMA,ROMA,
00198,ROMA,ROMA,
00198,ROMA,ROMA,
00198,ROMA,ROMA,
00199,Roma,ROMA,
00199,ROMA,ROMA,
00199,ROMA,ROMA,
00199,ROMA,ROMA,
00199,ROMA,ROMA,
00199,ROMA,ROMA,
00136,Roma,ROMA,
00015,MONTEROTONDO SCALO,ROMA,
00036,PALESTRINA,ROMA,
00040,POMEZIA,ROMA,
00044,FRASCATI,ROMA,
00054,FIUMILANOCINO,ROMA,
00060,FORMELLO,ROMA,
00060,ROMA FORMELLO ZONA IN,ROMA,
00122,ROMA,ROMA,
00132,ROMA,ROMA,
00135,ROMA,ROMA,
00135,ROMA,ROMA,
00136,ROMA,ROMA,
00137,ROMA,ROMA,
00138,ROMA,ROMA,
00139,ROMA,ROMA,
00141,ROMA,ROMA,
00142,ROMA,ROMA,
00142,ROMA,ROMA,
00143,ROMA,ROMA,
00144,ROMA,ROMA,
00144,ROMA,ROMA,
00144,ROMA,ROMA,
00144,ROMA,ROMA,
00144,ROMA,ROMA,
00144,Roma,ROMA,
00146,ROMA,ROMA,
00147,ROMA,ROMA,
00149,ROMA,ROMA,
00151,ROMA,ROMA,
00151,Roma,ROMA,
00152,ROMA,ROMA,
00152,ROMA,ROMA,
00153,ROMA,ROMA,
00153,ROMA,ROMA,
00153,ROMA,ROMA,
00154,ROMA,ROMA,
00154,ROMA,ROMA,
00154,ROMA,ROMA,
00154,ROM,ROMA,
00154,ROMA,ROMA,
00154,ROMA,ROMA,
00154,ROMA,ROMA,
00154,ROMA,ROMA,
00154,ROMA,ROMA,
00155,ROMA,ROMA,
00155,ROMA,ROMA,
00156,ROMA,ROMA,
00157,Roma,ROMA,
00158,ROMA,ROMA,
00159,ROMA,ROMA,
00161,ROMA,ROMA,
00164,ROMA,ROMA,
00165,ROMA,ROMA,
00165,ROMA,ROMA,
00165,ROMA,ROMA,
00165,ROMA,ROMA,
00165,ROMA,ROMA,
00165,ROMA,ROMA,
00165,ROMA,ROMA,
00167,ROMA,ROMA,
00173,ROMA,ROMA,
00174,ROMA,ROMA,
00174,ROMA,ROMA,
00176,ROMA,ROMA,
00177,ROMA,ROMA,
00181,ROMA,ROMA,
00181,ROMA,ROMA,
00182,ROMA,ROMA,
00182,roma,ROMA,
00183,ROMA,ROMA,
00184,ROMA,ROMA,
00184,ROMA,ROMA,
00184,ROMA,ROMA,
00184,ROMA,ROMA,
00185,ROMA,ROMA,
00185,ROMA,ROMA,
00185,ROMA,ROMA,
00185,ROMA,ROMA,
00186,ROMA,ROMA,
00186,ROMA,ROMA,
00186,ROMA,ROMA,
00186,ROMA,ROMA,
00186,ROMA,ROMA,
00186,ROMA,ROMA,
00186,ROMA,ROMA,
00186,ROMA,ROMA,
00186,ROMA,ROMA,
00186,ROMA,ROMA,
00186,ROMA,ROMA,
00186,ROMA,ROMA,
00187,ROMA,ROMA,
00187,ROMA,ROMA,
00187,ROMA,ROMA,
00189,ROMA,ROMA,
00191,ROMA,ROMA,
00191,ROMA,ROMA,
00192,ROMA,ROMA,
00193,ROMA,ROMA,
00193,ROMA,ROMA,
00193,ROMA,ROMA,
00193,ROMA,ROMA,
00194,ROMA,ROMA,
00195,ROMA,ROMA,
00195,ROMA,ROMA,
00195,ROMA,ROMA,
00195,ROMA,ROMA,
00195,ROMA,ROMA,
00195,ROMA,ROMA,
00196,ROMA,ROMA,
00196,ROMA,ROMA,
00196,ROMA,ROMA,
00198,ROMA,ROMA,
00198,ROMA,ROMA,
00198,ROMA,ROMA,
00198,ROMA,ROMA,
00198,ROMA,ROMA,
00198,ROMA,ROMA,
00198,ROMA,ROMA,
00198,ROMA,ROMA,
00198,ROMA,ROMA,
00198,ROMA,ROMA,
00198,ROMA,ROMA,
00198,ROMA,ROMA,
00199,ROMA,ROMA,
00199,ROMA,ROMA,
00199,ROMA,ROMA,
45014,Porto Viro,ROVIGO,
45100,Rovigo,ROVIGO,
45025,Fratta Polesine,ROVIGO,
45025,Fratta Polesine,ROVIGO,
45100,Rovigo,ROVIGO,
45100,Rovigo,ROVIGO,
45100,Rovigo,ROVIGO,
80078,Pozzuoli,SALERNO,
84012,Angri,SALERNO,
84012,Angri,SALERNO,
84012,Angri,SALERNO,
84013,Cava De Tirreni,SALERNO,
84013,Cava De Tirreni,SALERNO,
84013,Cava de Tirreni,SALERNO,
84013,Cava De Tirreni,SALERNO,
84013,Cava De Tirreni,SALERNO,
84013,Cava De Tirreni,SALERNO,
84013,Cava De Tirreni,SALERNO,
84013,Cava de Tirreni,SALERNO,
84014,Nocera Inferiore,SALERNO,
84014,Nocera Inferiore,SALERNO,
84014,Nocera Inferiore,SALERNO,
84015,Nocera Superiore,SALERNO,
84015,Nocera Superiore,SALERNO,
84017,Positano,SALERNO,
84020,Quadrivio di Campagna,SALERNO,
84022,Quadrivio di Campagna,SALERNO,
84023,Altavilla Salentina,SALERNO,
84024,Contursi TeROMAe,SALERNO,
84025,Eboli,SALERNO,
84043,Agropoli,SALERNO,
84047,Capaccio - Paestum,SALERNO,
84049,Castel San Lorenzo,SALERNO,
84078,Vallo della Lucania,SALERNO,
84080,Pellezzano,SALERNO,
84080,Pellezzano,SALERNO,
84081,Baronissi,SALERNO,
84081,Baronissi,SALERNO,
84084,Fisciano,SALERNO,
84085,MercaTORINO Sanseverino,SALERNO,
84085,MercaTORINO Sanseverino,SALERNO,
84086,Roccapiemonte,SALERNO,
84091,Battipaglia,SALERNO,
84091,Battipaglia,SALERNO,
84091,Battipaglia,SALERNO,
84091,Battipaglia,SALERNO,
84091,Battipaglia,SALERNO,
84091,Battipaglia,SALERNO,
84098,Pontecagnano,SALERNO,
84100,Salerno,SALERNO,
84121,Salerno,SALERNO,
84121,Salerno,SALERNO,
84121,Salerno,SALERNO,
84121,Salerno,SALERNO,
84122,Salerno,SALERNO,
84122,Salerno,SALERNO,
84123,Salerno,SALERNO,
84127,Salerno,SALERNO,
84129,Salerno,SALERNO,
84129,Salerno,SALERNO,
84131,Salerno,SALERNO,
84131,Salerno,SALERNO,
84131,Salerno,SALERNO,
84131,Salerno,SALERNO,
84132,Salerno,SALERNO,
84135,Salerno,SALERNO,
84135,Salerno,SALERNO,
84135,Salerno,SALERNO,
84013,Cava De Tirreni,SALERNO,
84025,Eboli,SALERNO,
84131,Salerno,SALERNO,
07040,Olmedo,SASSARI,
07041,Alghero,SASSARI,
07041,Alghero,SASSARI,
07041,Alghero,SASSARI,
07046,PorTORINO TORINOrres,SASSARI,
07047,Thiesi,SASSARI,
07100,Sassari,SASSARI,
07100,Sassari,SASSARI,
07100,Sassari,SASSARI,
07100,Sassari,SASSARI,
07100,SASSARI,SASSARI,
17012,Albissola Marina,SAVONA,
17012,Albissola Marina,SAVONA,
17015,Celle Ligure,SAVONA,
17017,MILANOllesimo,SAVONA,
17024,Finale Ligure,SAVONA,
17024,Finale Ligure,SAVONA,
17024,Finale Ligure,SAVONA,
17025,Loano,SAVONA,
17038,Villanova d'Albenga,SAVONA,
17043,Carcare,SAVONA,
17047,Vado Ligure,SAVONA,
17100,Savona,SAVONA,
17100,Savona,SAVONA,
17100,Savona,SAVONA,
17100,Savona,SAVONA,
17100,Savona,SAVONA,
17100,Savona,SAVONA,
17100,Savona,SAVONA,
17100,Savona,SAVONA,
17021,ALASSIO,SAVONA,
17100,SAVONA,SAVONA,
17100,SAVONA,SAVONA,
53016,Murlo,SIENA,
53024,Montalcino,SIENA,
53034,Colle Val D'Elsa,SIENA,
53034,Colle di Val d'Elsa,SIENA,
53034,Colle Val d'Elsa,SIENA,
53035,Badesse,SIENA,
53042,Chianciano teROMAe,SIENA,
53100,Siena,SIENA,
53014,MONTERONI D'ARBIA,SIENA,
53019,Castelnuovo Berardenga,SIENA,
53034,Colle Val d'Elsa,SIENA,
53034,COLLE VAL D'ELSA,SIENA,
53034,COLLE VAL D'ELSA,SIENA,
53036,POGGIBONSI,SIENA,
53042,Chianciano teROMAe,SIENA,
53100,SIENA,SIENA,
96018,Pachino,SIRACUSA,
96100,Siracusa,SIRACUSA,
96100,Siracusa,SIRACUSA,
96100,Siracusa,SIRACUSA,
96100,Siracusa,SIRACUSA,
23013,Cosio Valtellino,SONDRIO,
23013,Cosio Valtellino - Morbegno,SONDRIO,
23022,Chiavenna,SONDRIO,
23100,Sondrio,SONDRIO,
23100,Sondrio,SONDRIO,
19037,SanTORINO Stefano di Magra,SPEZIA,
19038,Sarzana,SPEZIA,
19038,Sarzana,SPEZIA,
19121,La Spezia,SPEZIA,
19121,La Spezia,SPEZIA,
19124,La Spezia,SPEZIA,
19125,La Spezia,SPEZIA,
19136,La Spezia,SPEZIA,
19037,SANTO STEFANO MAGRA,SPEZIA,
19125,La Spezia,SPEZIA,
74013,GINOSA,TARANTO,
74015,MARTINA FRANCA,TARANTO,
74023,GROTTAGLIE,TARANTO,
74100,TaranTORINO,TARANTO,
74121,TARANTORINO,TARANTO,
74014,MARTINA FRANCA,TARANTO,
74015,Martina Franca ,TARANTO,
74015,MARTINA FRANCA,TARANTO,
74121,TARANTO,TARANTO,
64016,S.Egidio alla Vibrata,TERAMO,
64018,Tortoreto,TERAMO,
64100,Teramo,TERAMO,
64013,CORROPOLI,TERAMO,
64020,CASTELLALTO,TERAMO,
05100,Terni,TERNI,
05100,Terni,TERNI,
05100,Terni,TERNI,
05100,Terni,TERNI,
05100,Terni,TERNI,
10010,Piverone,TORINO,
10010,Cascinetta d'Ivrea,TORINO,
10010,Burolo d'Ivrea,TORINO,
10011,Agliè,TORINO,
10015,Ivrea,TORINO,
10015,Ivrea,TORINO,
10015,Ivrea,TORINO,
10015,Ivrea,TORINO,
10020,Baldissero TORINOrinese,TORINO,
10020,Marentino,TORINO,
10020,Pavarolo,TORINO,
10023,Chieri,TORINO,
10023,Chieri,TORINO,
10024,Moncalieri,TORINO,
10024,Moncalieri,TORINO,
10028,Trofarello,TORINO,
10032,Brandizzo,TORINO,
10036,Settimo TORINOrinese,TORINO,
10040,CuMILANOana,TORINO,
10040,Rivarossa,TORINO,
10040,La Loggia,TORINO,
10040,Leinì,TORINO,
10041,Carignano,TORINO,
10050,Borgone Susa,TORINO,
10050,Chiusa di San MILANOchele,TORINO,
10060,Bibiana,TORINO,
10060,Bricherasio,TORINO,
10064,Pinerolo,TORINO,
10064,Pinerolo,TORINO,
10071,Borgaro TORINOrinese,TORINO,
10078,Venaria Reale,TORINO,
10078,Venaria Reale,TORINO,
10078,Venaria,TORINO,
10078,Venaria Reale,TORINO,
10080,Salassa,TORINO,
10081,Castellamonte,TORINO,
10082,Cuorgnè,TORINO,
10090,Romano Canavese,TORINO,
10094,Giaveno,TORINO,
10095,Grugliasco,TORINO,
10098,Rivoli,TORINO,
10098,Rivoli,TORINO,
10098,Rivoli,TORINO,
10098,Rivoli,TORINO,
10098,Rivoli,TORINO,
10100,TORINOrino,TORINO,
10121,TORINOrino,TORINO,
10121,TORINOrino,TORINO,
10121,TORINOrino,TORINO,
10121,TORINOrino,TORINO,
10121,TORINOrino,TORINO,
10121,TORINOrino,TORINO,
10121,TORINOrino,TORINO,
10121,TORINOrino,TORINO,
10121,TORINOrino,TORINO,
10121,TORINOrino,TORINO,
10121,TORINOrino,TORINO,
10121,TORINOrino,TORINO,
10121,TORINOrino,TORINO,
10121,TORINOrino,TORINO,
10121,TORINOrino,TORINO,
10121,TORINOrino,TORINO,
10121,TORINOrino,TORINO,
10121,TORINOrino,TORINO,
10122,TORINOrino,TORINO,
10122,TORINOrino,TORINO,
10122,TORINOrino,TORINO,
10122,TORINOrino,TORINO,
10122,TORINOrino,TORINO,
10122,TORINOrino,TORINO,
10122,TORINOrino,TORINO,
10122,TORINOrino,TORINO,
10122,TORINOrino,TORINO,
10122,TORINOrino,TORINO,
10122,TORINOrino,TORINO,
10122,TORINOrino,TORINO,
10122,TORINOrino,TORINO,
10123,TORINOrino,TORINO,
10123,TORINOrino,TORINO,
10123,TORINOrino,TORINO,
10123,TORINOrino,TORINO,
10123,TORINOrino,TORINO,
10123,TORINOrino,TORINO,
10123,TORINOrino,TORINO,
10123,TORINOrino,TORINO,
10123,TORINOrino,TORINO,
10123,TORINOrino,TORINO,
10123,TORINOrino,TORINO,
10123,TORINOrino,TORINO,
10123,Chieri,TORINO,
10123,TORINOrino,TORINO,
10123,TORINOrino,TORINO,
10123,TORINOrino,TORINO,
10123,TORINOrino,TORINO,
10123,TORINOrino,TORINO,
10123,TORINOrino,TORINO,
10123,TORINOrino,TORINO,
10123,TORINOrino,TORINO,
10123,TORINOrino,TORINO,
10123,TORINOrino,TORINO,
10123,TORINOrino,TORINO,
10123,TORINOrino,TORINO,
10123,TORINOrino,TORINO,
10123,TORINOrino,TORINO,
10123,TORINOrino,TORINO,
10123,TORINOrino,TORINO,
10123,TORINOrino,TORINO,
10123,TORINOrino,TORINO,
10123,TORINOrino,TORINO,
10123,TORINOrino,TORINO,
10124,TORINOrino,TORINO,
10124,TORINOrino,TORINO,
10124,TORINOrino,TORINO,
10124,TORINOrino,TORINO,
10124,TORINOrino,TORINO,
10124,TORINOrino,TORINO,
10124,TORINOrino,TORINO,
10124,TORINOrino,TORINO,
10124,TORINOrino,TORINO,
10124,TORINOrino,TORINO,
10124,TORINOrino,TORINO,
10124,TORINOrino,TORINO,
10124,TORINOrino,TORINO,
10124,TORINOrino,TORINO,
10124,TORINOrino,TORINO,
10124,TORINOrino,TORINO,
10125,TORINOrino,TORINO,
10125,TORINOrino,TORINO,
10125,TORINOrino,TORINO,
10125,TORINOrino,TORINO,
10125,TORINOrino,TORINO,
10125,TORINOrino,TORINO,
10125,TORINOrino,TORINO,
10125,TORINOrino,TORINO,
10125,TORINOrino,TORINO,
10125,TORINOrino,TORINO,
10125,TORINOrino,TORINO,
10125,TORINOrino,TORINO,
10126,TORINOrino,TORINO,
10126,TORINOrino,TORINO,
10126,TORINOrino,TORINO,
10126,TORINOrino,TORINO,
10126,TORINOrino,TORINO,
10126,TORINOrino,TORINO,
10126,TORINOrino,TORINO,
10126,TORINOrino,TORINO,
10126,TORINOrino,TORINO,
10126,TORINOrino,TORINO,
10126,TORINOrino,TORINO,
10126,TORINOrino,TORINO,
10126,TORINOrino,TORINO,
10126,TORINOrino,TORINO,
10127,TORINOrino,TORINO,
10127,TORINOrino,TORINO,
10128,TORINOrino,TORINO,
10128,TORINOrino,TORINO,
10128,TORINOrino,TORINO,
10128,TORINOrino,TORINO,
10128,TORINOrino,TORINO,
10128,TORINOrino,TORINO,
10128,TORINOrino,TORINO,
10128,TORINOrino,TORINO,
10128,TORINOrino,TORINO,
10128,TORINOrino,TORINO,
10128,TORINOrino,TORINO,
10128,TORINOrino,TORINO,
10129,TORINOrino,TORINO,
10129,TORINOrino,TORINO,
10129,TORINOrino,TORINO,
10129,TORINOrino,TORINO,
10131,TORINOrino,TORINO,
10131,TORINOrino,TORINO,
10131,TORINOrino,TORINO,
10132,TORINOrino,TORINO,
10132,TORINOrino,TORINO,
10132,TORINOrino,TORINO,
10132,TORINOrino,TORINO,
10132,TORINOrino,TORINO,
10132,TORINOrino,TORINO,
10133,TORINOrino,TORINO,
10133,TORINOrino,TORINO,
10133,TORINOrino,TORINO,
10133,TORINOrino,TORINO,
10133,TORINOrino,TORINO,
10133,TORINOrino,TORINO,
10133,TORINOrino,TORINO,
10133,TORINOrino,TORINO,
10134,TORINOrino,TORINO,
10134,TORINOrino,TORINO,
10134,TORINOrino,TORINO,
10134,TORINOrino,TORINO,
10135,TORINOrino,TORINO,
10135,TORINOrino,TORINO,
10135,TORINOrino,TORINO,
10136,TORINOrino,TORINO,
10137,TORINOrino,TORINO,
10137,TORINOrino,TORINO,
10138,TORINOrino,TORINO,
10138,TORINOrino,TORINO,
10138,TORINOrino,TORINO,
10138,TORINOrino,TORINO,
10138,TORINOrino,TORINO,
10138,TORINOrino,TORINO,
10138,TORINOrino,TORINO,
10138,TORINOrino,TORINO,
10138,TORINOrino,TORINO,
10139,TORINOrino,TORINO,
10139,TORINOrino,TORINO,
10139,TORINOrino,TORINO,
10139,TORINOrino,TORINO,
10139,TORINOrino,TORINO,
10139,TORINOrino,TORINO,
10139,TORINOrino,TORINO,
10141,TORINOrino,TORINO,
10141,TORINOrino,TORINO,
10142,TORINOrino,TORINO,
10142,TORINOrino,TORINO,
10142,TORINOrino,TORINO,
10142,TORINOrino,TORINO,
10142,TORINOrino,TORINO,
10143,TORINOrino,TORINO,
10143,TORINOrino,TORINO,
10143,TORINOrino,TORINO,
10143,TORINOrino,TORINO,
10143,TORINOrino,TORINO,
10143,TORINOrino,TORINO,
10144,TORINOrino,TORINO,
10144,TORINOrino,TORINO,
10144,TORINOrino,TORINO,
10144,TORINOrino,TORINO,
10144,TORINOrino,TORINO,
10145,TORINOrino,TORINO,
10147,TORINOrino,TORINO,
10148,TORINOrino,TORINO,
10148,TORINOrino,TORINO,
10149,TORINOrino,TORINO,
10149,TORINOrino,TORINO,
10152,TORINOrino,TORINO,
10152,TORINOrino,TORINO,
10152,TORINOrino,TORINO,
10152,TORINOrino,TORINO,
10152,TORINOrino,TORINO,
10152,TORINOrino,TORINO,
10152,TORINOrino,TORINO,
10152,TORINOrino,TORINO,
10152,TORINOrino,TORINO,
10152,TORINOrino,TORINO,
10152,TORINOrino,TORINO,
10152,TORINOrino,TORINO,
10152,TORINOrino,TORINO,
10153,TORINOrino,TORINO,
10153,TORINOrino,TORINO,
10153,TORINOrino,TORINO,
10153,TORINOrino,TORINO,
10153,TORINOrino,TORINO,
10153,TORINOrino,TORINO,
10153,TORINOrino,TORINO,
10153,TORINOrino,TORINO,
10153,TORINOrino,TORINO,
10153,TORINOrino,TORINO,
10153,TORINOrino,TORINO,
10153,TORINOrino,TORINO,
10153,TORINOrino,TORINO,
10153,TORINOrino,TORINO,
10153,TORINOrino,TORINO,
10153,TORINOrino,TORINO,
10153,TORINOrino,TORINO,
10153,TORINOrino,TORINO,
10153,TORINOrino,TORINO,
10153,TORINOrino,TORINO,
10154,TORINOrino,TORINO,
10154,TORINOrino,TORINO,
10154,TORINOrino,TORINO,
10154,TORINOrino,TORINO,
10154,TORINOrino,TORINO,
10155,TORINOrino,TORINO,
10155,TORINOrino,TORINO,
10155,TORINOrino,TORINO,
10155,TORINOrino,TORINO,
10155,TORINOrino,TORINO,
10015,Ivrea,TORINO,
10023,Chieri,TORINO,
10023,CHIERI,TORINO,
10024,Moncalieri,TORINO,
10024,MONCALIERI,TORINO,
10028,Trofarello,TORINO,
10040,Leinì,TORINO,
10040,SAN GILLIO,TORINO,
10042,Nichelino,TORINO,
10042,NICHELINO,TORINO,
10044,Pianezza,TORINO,
10060,Bricherasio,TORINO,
10064,Pinerolo,TORINO,
10071,Borgaro TORINOrinese,TORINO,
10071,BORGARO TORINORINESE,TORINO,
10072,Caselle TORINOrinese,TORINO,
10077,Venaria Reale,TORINO,
10088,VOLPIANO,TORINO,
10090,SAN GIORGIO CANAVESE,TORINO,
10090,Gassino TORINOrinese,TORINO,
10095,Grugliasco,TORINO,
10095,GRUGLIASCO,TORINO,
10098,Rivoli,TORINO,
10099,San Mauro TORINOrinese,TORINO,
10124,TORINORINO,TORINO,
10133,TORINORINO,TORINO,
10135,TORINORINO,TORINO,
10147,TORINORINO,TORINO,
10151,TORINOrino,TORINO,
10151,TORINORINO,TORINO,
10152,TORINORINO,TORINO,
10152,TORINORINO,TORINO,
10153,TORINOrino,TORINO,
10155,TORINOrino,TORINO,
10156,SETTIMO T.SE,TORINO,
10156,TORINORINO,TORINO,
91011,Alcamo,TRAPANI,
91011,Alcamo,TRAPANI,
91014,Castellamare del Golfo,TRAPANI,
91025,Marsala,TRAPANI,
91025,Marsala,TRAPANI,
91026,Mazara del Vallo,TRAPANI,
91100,Trapani,TRAPANI,
91100,Trapani,TRAPANI,
91100,Trapani,TRAPANI,
38023,Cles,TRENTO,
38025,Verla di Giovo,TRENTO,
38057,Pergine Valsugana,TRENTO,
38060,Aldeno,TRENTO,
38062,Arco,TRENTO,
38062,Arco,TRENTO,
38066,Riva del Garda,TRENTO,
38068,RovereTORINO,TRENTO,
38068,RovereTORINO,TRENTO,
38068,RovereTORINO,TRENTO,
38088,Spiazzo,TRENTO,
38100,Spini di Gardolo,TRENTO,
38100,TrenTORINO,TRENTO,
38121,TrenTORINO,TRENTO,
38122,TrenTORINO,TRENTO,
38015 ,Lavis,TRENTO,
30010,SARNONICO,TRENTO,
38016,Mezzocorona,TRENTO,
38025,Lavis,TRENTO,
38030,Ziano di Fiemme,TRENTO,
38033,Cavalese,TRENTO,
38037,Predazzo loc. Bellamonte,TRENTO,
38040,Ravina,TRENTO,
38060,Nogaredo,TRENTO,
38066,Riva del Garda,TRENTO,
38068,Rovereto,TRENTO,
38068,Rovereto,TRENTO,
38068,Rovereto,TRENTO,
38068,Rovereto,TRENTO,
38100,Trento,TRENTO,
38100,Trento,TRENTO,
38100,Gardolo di mezzo,TRENTO,
38121,Spini di Gardolo,TRENTO,
38121,Trento,TRENTO,
38121,Gardolo,TRENTO,
38122,Trento,TRENTO,
38122,Trento,TRENTO,
38122,Trento,TRENTO,
38122,Trento,TRENTO,
38123,Ravina - Trento,TRENTO,
38123,Mattarello,TRENTO,
38123,Trento,TRENTO,
38123,Povo di Trento,TRENTO,
31010,Caselle d'Asolo,TREVISO,
31015,Conegliano,TREVISO,
31015,Conegliano,TREVISO,
31015,Conegliano,TREVISO,
31015,Conegliano,TREVISO,
31015,Conegliano,TREVISO,
31015,Conegliano,TREVISO,
31015,Conegliano,TREVISO,
31020,Corbanese di Tarzo,TREVISO,
31020,Villorba,TREVISO,
31021,Mogliano VeneTORINO,TREVISO,
31021,Mogliano V.,TREVISO,
31021,Mogliano VeneTORINO,TREVISO,
31022,Preganziol,TREVISO,
31027,Visnadello di Spresiano,TREVISO,
31027,Spresiano,TREVISO,
31027,Visnadello di Spresiano,TREVISO,
31027,Spresiano,TREVISO,
31029,VitTORINOrio VeneTORINO,TREVISO,
31029,VitTORINOrio VeneTORINO,TREVISO,
31029,VitTORINOrio VeneTORINO,TREVISO,
31030,Carbonera,TREVISO,
31030,Carbonera,TREVISO,
31030,Cison di Valmarino,TREVISO,
31033,Castelfranco VeneTORINO,TREVISO,
31033,Castelfranco VeneTORINO,TREVISO,
31033,Castelfranco VeneTORINO,TREVISO,
31033,Castelfranco VeneTORINO,TREVISO,
31033,Castelfranco VeneTORINO,TREVISO,
31033,Castelfranco VeneTORINO,TREVISO,
31035,Crocetta del Montello,TREVISO,
31038,Castagnole di Paese,TREVISO,
31040,Trevignano,TREVISO,
31040,Selva del Montello,TREVISO,
31044,Montebelluna,TREVISO,
31044,Montebelluna,TREVISO,
31044,Montebelluna,TREVISO,
31044,Montebelluna,TREVISO,
31046,Oderzo,TREVISO,
31047,Negrisia di Ponte di Piave,TREVISO,
31050,Monastier,TREVISO,
31050,SolighetTORINO,TREVISO,
31050,Catena di Villorba,TREVISO,
31050,Premaor di MILANOane,TREVISO,
31050,Ponzano VeneTORINO,TREVISO,
31053,Pieve di Soligo,TREVISO,
31056,Roncade,TREVISO,
31057,Silea,TREVISO,
31100,Treviso,TREVISO,
31100,Treviso,TREVISO,
31100,Treviso,TREVISO,
31100,Treviso,TREVISO,
31100,Treviso,TREVISO,
31010,Mosnigo di Moriago,TREVISO,
31010,Bibano di Godega S. Urbano,TREVISO,
31011,Asolo,TREVISO,
31015,Conegliano,TREVISO,
31020,Fontane di Villorba,TREVISO,
31021,Marocco di Mogliano,TREVISO,
31022,Preganziol,TREVISO,
31023,CastelMILANOno di Resana,TREVISO,
31035,Crocetta del Montello,TREVISO,
31035,Crocetta del Montello,TREVISO,
31040,Trevignano,TREVISO,
31046,Oderzo,TREVISO,
31046,Oderzo,TREVISO,
31050,Catena di Villorba,TREVISO,
31050,Catena di Villorba,TREVISO,
31050,Monastier di Treviso,TREVISO,
31050,Fanzolo di Vedelago,TREVISO,
31050,PONZANO VENETORINO,TREVISO,
31100,Treviso,TREVISO,
31100,Treviso,TREVISO,
31100,Treviso,TREVISO,
31100,Treviso,TREVISO,
34121,Trieste,TRIESTE,
34123,Trieste,TRIESTE,
34123,Trieste,TRIESTE,
34124,Trieste,TRIESTE,
34133,Trieste,TRIESTE,
34133,Trieste,TRIESTE,
34135,Trieste,TRIESTE,
34132,Trieste,TRIESTE,
34133,Trieste,TRIESTE,
34147,Trieste,TRIESTE,
34147,Trieste,TRIESTE,
33010,Udine,UDINE,
33010,FeletTORINO UmberTORINO-Tavagnacco,UDINE,
33010,Tavagnacco,UDINE,
33050,Pavia di Udine,UDINE,
33053,Latisana,UDINE,
33053,Latisana,UDINE,
33100,Udine,UDINE,
33100,Udine,UDINE,
33100,Udine,UDINE,
33100,Udine,UDINE,
33100,Udine,UDINE,
33100,Udine,UDINE,
33100,Udine,UDINE,
33100,Udine,UDINE,
33100,Udine,UDINE,
33100,Udine,UDINE,
33100,Udine,UDINE,
33100,Udine,UDINE,
33100,Udine,UDINE,
33100,Udine,UDINE,
33100,Udine,UDINE,
33100,Udine,UDINE,
33100,Udine,UDINE,
33010,Osoppo,UDINE,
33010,Tavagnacco,UDINE,
33010,FeletTORINO UmberTORINO - Tavagnacco,UDINE,
33019,Tricesimo,UDINE,
33020,Amaro,UDINE,
33030,Majano,UDINE,
33033,CODROIPO,UDINE,
33034,Fagagna,UDINE,
33050,PercoTORINO di Pavia di Udine,UDINE,
33052,Cervignano del Friuli,UDINE,
33100,Udine,UDINE,
33100,Udine,UDINE,
33100,Udine,UDINE,
33100,Udine,UDINE,
33100,Udine,UDINE,
21010,Besnate,VARESE,
21012,Cassano Magnano,VARESE,
21013,Gallarate,VARESE,
21013,Gallarate,VARESE,
21013,Gallarate,VARESE,
21018,SesTORINO Calende,VARESE,
21034,Cocquio Trevisago,VARESE,
21045,Gazzada Schianno,VARESE,
21047,Saronno,VARESE,
21050,Cantello,VARESE,
21052,BusTORINO Arsizio,VARESE,
21052,BusTORINO Arsizio,VARESE,
21052,BusTORINO Arsizio,VARESE,
21053,Castellanza,VARESE,
21100,Varese,VARESE,
21100,Varese,VARESE,
21100,Varese,VARESE,
21100,Varese,VARESE,
21100,Varese,VARESE,
21100,Varese,VARESE,
21100,Varese,VARESE,
21011,Casorate Sempione,VARESE,
21013,Gallarate,VARESE,
21040,Venegono Inferiore,VARESE,
30016,Jesolo,VENEZIA,
30025,Teglio VeneTORINO,VENEZIA,
30026,PorTORINOgruaro,VENEZIA,
30030,Chirignago,VENEZIA,
30037,Scorzè,VENEZIA,
30121,Venezia,VENEZIA,
30123,Venezia,VENEZIA,
30124,Venezia,VENEZIA,
30125,Venezia,VENEZIA,
30135,Venezia,VENEZIA,
30172,Mestre-Venezia,VENEZIA,
30172,Mestre,VENEZIA,
30173,Mestre,VENEZIA,
30175,Marghera,VENEZIA,
30025,Fossalta di Portogruaro,VENEZIA,
30123,Venezia,VENEZIA,
30123,Venezia,VENEZIA,
30124,Venezia,VENEZIA,
30125,Venezia,VENEZIA,
30172,Mestre,VENEZIA,
30174,Mestre,VENEZIA,
30174,Mestre,VENEZIA,
28024,Gozzano,VERBANIA,
28838,Stresa,VERBANIA,
28921,Verbania Intra,VERBANIA,
28921,Verbania,VERBANIA,
28887,Omegna,VERBANO,
13019,Varallo,VERCELLI,
13100,Vercelli,VERCELLI,
37012,Bussolengo,VERONA,
37012,Bussolengo,VERONA,
37012,Bussolengo,VERONA,
37022,Fumane,VERONA,
37025,Verona,VERONA,
37026,OspedaletTORINO di Pescantina,VERONA,
37026,Settimo di Pescantina,VERONA,
37030,Lavagno,VERONA,
37036,San Martino Buon Albergo,VERONA,
37036,San Martino Buon Albergo,VERONA,
37038,Soave,VERONA,
37042,Colognola ai Colli,VERONA,
37045,PorTORINO di Legnago - Legnago,VERONA,
37047,San Bonifacio,VERONA,
37047,San Bonifacio,VERONA,
37049,Villa BarTORINOlomeo,VERONA,
37057,San Giovanni LupaTORINOTORINO,VERONA,
37057,San Giovanni LupaTORINOTORINO,VERONA,
37057,San Giovanni LupaTORINOTORINO,VERONA,
37060,Sona,VERONA,
37064,Povegliano,VERONA,
37066,Sommacampagna,VERONA,
37066,Sommacampagna,VERONA,
37069,Villafranca,VERONA,
37069,Dossobuono,VERONA,
37100,San Martino buon Albergo,VERONA,
37121,Verona,VERONA,
37121,Verona,VERONA,
37121,Verona,VERONA,
37121,Verona,VERONA,
37121,Verona,VERONA,
37124,Verona,VERONA,
37124,Verona,VERONA,
37124,Verona,VERONA,
37124,Verona,VERONA,
37129,Verona,VERONA,
37129,Verona,VERONA,
37129,Verona,VERONA,
37132,Verona,VERONA,
37135,Verona,VERONA,
37135,Verona,VERONA,
37135,Verona,VERONA,
37135,Verona,VERONA,
37135,Verona,VERONA,
37135,Verona,VERONA,
37135,Verona - Cà di David,VERONA,
37135,Verona,VERONA,
37135,Verona,VERONA,
37137,Verona,VERONA,
37138,Verona,VERONA,
37138,Verona,VERONA,
37138,Verona,VERONA,
37138,Verona,VERONA,
37138,Verona,VERONA,
37139,Verona,VERONA,
37020,Marano,VERONA,
37020,GREZZANA,VERONA,
37026,Pescantina,VERONA,
37042,CALDIERO,VERONA,
37047,San Bonifacio,VERONA,
37047,SAN BONIFACIO,VERONA,
37054,NOGARA,VERONA,
37059,Santa Maria di Zevio,VERONA,
37060,Castel d'Azzano,VERONA,
37060,Lugagnano di Sona,VERONA,
37062,Dossobuono,VERONA,
37062,Dossobuono,VERONA,
37062,Dossobuono,VERONA,
37062,Dossobuono,VERONA,
37062,Dossobuono,VERONA,
37062,Dossobuono,VERONA,
37062,Dossobuono,VERONA,
37062,Dossobuono,VERONA,
37066,Sommacampagna,VERONA,
37100,San Martino B.A.,VERONA,
37100,Verona,VERONA,
37121,Verona,VERONA,
37121,Verona,VERONA,
37121,Verona,VERONA,
37121,Verona,VERONA,
37122,Verona,VERONA,
37131,Verona,VERONA,
37135,Verona,VERONA,
37135,Verona,VERONA,
37135,Verona,VERONA,
37135,Verona,VERONA,
37135,Verona,VERONA,
37136,Verona,VERONA,
37136,Verona,VERONA,
37141,Verona,VERONA,
37141,Verona,VERONA,
36015,Schio,VICENZA,
36015,Schio,VICENZA,
36015,Schio,VICENZA,
36015,Schio,VICENZA,
36015,Schio,VICENZA,
36015,Schio,VICENZA,
36016,Thiene,VICENZA,
36016,Thiene,VICENZA,
36016,Thiene,VICENZA,
36016,Thiene,VICENZA,
36016,Thiene,VICENZA,
36020,Agugliaro,VICENZA,
36022,Cassola,VICENZA,
36030,Sarcedo,VICENZA,
36030,Sarcedo,VICENZA,
36040,TORINOrri di Quartesolo,VICENZA,
36050,Monteviale,VICENZA,
36050,Sovizzo,VICENZA,
36054,Montebello Vicentino,VICENZA,
36055,Nove,VICENZA,
36060,Romano d'Ezzelino,VICENZA,
36061,Bassano del Grappa,VICENZA,
36061,Bassano del Grappa,VICENZA,
36061,Bassano del Grappa,VICENZA,
36061,Bassano del Grappa,VICENZA,
36061,Bassano del Grappa,VICENZA,
36061,Bassano del Grappa,VICENZA,
36061,Bassano del Grappa,VICENZA,
36061,Bassano del Grappa,VICENZA,
36063,Marostica,VICENZA,
36070,CastelgomberTORINO,VICENZA,
36075,Montecchio Maggiore,VICENZA,
36075,Montecchio Maggiore,VICENZA,
36077,Altavilla Vicentina,VICENZA,
36100,Vicenza,VICENZA,
36100,Altavilla Vicentina,VICENZA,
36100,Vicenza,VICENZA,
36100,Vicenza,VICENZA,
36100,Vicenza,VICENZA,
36100,Vicenza,VICENZA,
36100,Vicenza,VICENZA,
36100,Vicenza,VICENZA,
36100,Vicenza,VICENZA,
36100,Vicenza,VICENZA,
36100,Vicenza,VICENZA,
36100,Vicenza,VICENZA,
36100,Vicenza,VICENZA,
36100,Vicenza,VICENZA,
36010,Zanè,VICENZA,
36010,Cavazzale Monticello Conte OtTORINO,VICENZA,
36010,Zanè,VICENZA,
36010,Monticello Conte Otto (Vigardolo),VICENZA,
36012,Asiago,VICENZA,
36012,Asiago,VICENZA,
36015,Schio,VICENZA,
36015,Schio,VICENZA,
36015,Schio,VICENZA,
36015,Schio,VICENZA,
36016,Thiene,VICENZA,
36016,Thiene,VICENZA,
36016,Thiene,VICENZA,
36016,Thiene,VICENZA,
36027,Rosà,VICENZA,
36027,Rosà,VICENZA,
36027,S. Anna di Rosà,VICENZA,
36028,Rossano Veneto,VICENZA,
36030,Villaverla,VICENZA,
36030,San Vito di Leguzzano,VICENZA,
36030,Sarcedo,VICENZA,
36042,Breganze,VICENZA,
36050,Monteviale,VICENZA,
36050,Pozzoleone,VICENZA,
36050,Pozzoleone,VICENZA,
36050,Pozzoleone,VICENZA,
36050,Pozzoleone Loc. Friola,VICENZA,
36053,Gambellara,VICENZA,
36053,Gambellara,VICENZA,
36056,Tezze sul Brenta,VICENZA,
36060,Breganze,VICENZA,
36060,Breganze,VICENZA,
36060,Breganze,VICENZA,
36060,Pianezze,VICENZA,
36061,Bassano del Grappa,VICENZA,
36061,Bassano del Grappa,VICENZA,
36061,Bassano del Grappa,VICENZA,
36061,Bassano del Grappa,VICENZA,
36063,Marostica,VICENZA,
36070,Trissino,VICENZA,
36070,Trissino,VICENZA,
36070,Brogliano,VICENZA,
36078,VALDAGNO,VICENZA,
36078,Valdagno,VICENZA,
36100,Vicenza,VICENZA,
36100,Vicenza,VICENZA,
36100,Vicenza,VICENZA,
36100,Vicenza,VICENZA,
36100,Vicenza,VICENZA,
36100,Vicenza,VICENZA,
36100,Vicenza,VICENZA,
36100,Vicenza,VICENZA,
36100,Vicenza,VICENZA,
36100,Vicenza,VICENZA,
36100,Vicenza,VICENZA,
36100,Vicenza,VICENZA,
36100,Vicenza,VICENZA,
01030,VITORINORCHIANO,VITERBO,